Workbook
Name Income_01: '1'!$C$20:$D$23,'1'!$C$25:$D$25
Name סוג_הוצאה: Dropdown!$B$2:$B$100
Name סוג_תשלום: Dropdown!$A$2:$A$24
Name קטגוריה: Dropdown!$C$2:$C$100
Name קטגוריה_2: [1]Dropdown!$C$2:$C$13
Name קטגוריה_3: Dropdown!$E$2:$E$13
Name קטגוריה_4: Dropdown!$F$2:$F$14
Name קטגוריה_5: Dropdown!$G$2:$G$14
Name קטגוריה_6: Dropdown!$H$2:$H$7
Name קטגוריה_7: Dropdown!$I$2:$I$10
Name קטגוריה_8: Dropdown!$J$1:$J$11
Name קטגוריה_8__עסק: Dropdown!$J$1:$J$11

Sheet Dropdown
A1: אמצעי | B1: קטגוריה 1: תחזוקת דירה ותקשורת | C1: קטגוריה 2: מזון וקניות | D1: קטגוריה 2: מזון וקניות | E1: קטגוריה 3: רכב ונסיעות | F1: קטגוריה 4: ילדים וחינוך | G1: קטגוריה 5: תרבות ופנאי | H1: קטגוריה 6: בריאות וטיפולים | I1: קטגוריה 7: ביטוחים ופיננסים | J1: קטגוריה 8: עסק | M1: משכנתא
A2: ל-ו 1 | B2: משכנתא | C2: תחזוקת דירה ותקשורת | D2: תחזוקת דירה ותקשורת | E2: דלק | F2: גנים | G2: חופשות בחו"ל | H2: קופ"ח + משלים | I2: תוכניות חסכון | J2: מע"מ | M2: שכר דירה
A3: ל-ו 2 | B3: שכר דירה | C3: תחזוקת דירה ותקשורת | D3: מזון וקניות | E3: טיפולים ותיקונים | F3: בתי ספר | G3: חופשות בארץ | H3: ביטוח בריאות פרטי | I3: קופות גמל | J3: מס הכנסה | M3: ארנונה
A4: י-ק 1 | B4: ארנונה | C4: תחזוקת דירה ותקשורת | D4: רכב ונסיעות | E4: אגרות (כולל טסט) | F4: אוניברסיטה | G4: מועדוני ספורט ובריאות | H4: רופאים מקצועיים | I4: ניירות ערך | J4: קרן השתלמות | M4: מים
A5: י-ק 2 | B5: מים | C5: תחזוקת דירה ותקשורת | D5: ילדים וחינוך | E5: ביטוח רכב | F5: ספרים ועזרי לימוד | G5: מסעדות ומשלוחים | H5: תרופות | I5: ביטוחי חיים (ריסק) | J5: פנסיה | M5: חשמל
A6: י-מ 1 | B6: חשמל | C6: תחזוקת דירה ותקשורת | D6: תרבות ופנאי | E6: חניה | F6: שיעורים פרטיים | G6: בילוים | H6: טיפול | I6: ביטוחים אחרים | J6: ביטוח לאומי | M6: גז/נפט
A7: י-מ 2 | B7: גז/נפט | C7: תחזוקת דירה ותקשורת | D7: בריאות וטיפולים | E7: מוניות | F7: תחבורה ונסיעות | G7: אוכל יניב | H7: אחר | I7: החזר הלוואות | J7: רו"ח | M7: טלפון (נייח)
A8: ל-ח 1 | B8: טלפון (נייח) | C8: תחזוקת דירה ותקשורת | D8: ביטוחים ופיננסים | E8: רכישות לאוטו | F8: חוגים וקייטנות | G8: אוכל לילי | I8: עמלות | J8: שיווק | M8: טלפונים ניידים
A9: ל-ח 2 | B9: טלפונים ניידים | C9: תחזוקת דירה ותקשורת | D9: עסק | E9: קנסות ותשלומים | F9: מטפלת / שמרטף | G9: עיתונים ומנויים שונים | I9: ריבית עו"ש | J9: הוצאות שוטפות | M9: ביוב
A10: ל-ל 1 | B10: ביוב | C10: תחזוקת דירה ותקשורת | E10: השכרת רכב | F10: צעצועים ומתנות | G10: אירועים ומתנות | I10: תרומות | J10: רכישות לעסק | M10: כבלים
A11: ל-ל 2 | B11: כבלים | C11: תחזוקת דירה ותקשורת | E11: תחבורה ציבורית | F11: מוצרי תינוקות | G11: לימודים וקורסים | J11: משכורת | M11: אינטרנט
A12: ל-פ 1 | B12: אינטרנט | C12: תחזוקת דירה ותקשורת | E12: אגרות כבישים | F12: דמי כיס | G12: בילוי בחול | M12: ועד בית/ישוב
A13: ל-פ 2 | B13: ועד בית/ישוב | C13: תחזוקת דירה ותקשורת | E13: אחר | F13: ריהוט ומצרכים | G13: אחר | M13: עוזרת בית
A14: העברה | B14: עוזרת בית | C14: תחזוקת דירה ותקשורת | F14: אחר | G14: אחר | M14: גינון
A15: מזומן | B15: גינון | C15: תחזוקת דירה ותקשורת | M15: ביטוח דירה
A16: הל-ד | B16: ביטוח דירה | C16: תחזוקת דירה ותקשורת | M16: רכישות לבית
A17: הל-ה | B17: רכישות לבית | C17: תחזוקת דירה ותקשורת | M17: אחזקת בית ותיקונים
A18: חש-ד | B18: אחזקת בית ותיקונים | C18: תחזוקת דירה ותקשורת | M18: מנויים דיגטליים
A19: חש-ה | B19: מנויים דיגטליים | C19: תחזוקת דירה ותקשורת | M19: אחר
A20: הל-ל | B20: בנייה | C20: תחזוקת דירה ותקשורת | M20: סך דירה ותקשורת
A21: חש-ל | B21: מזון וטואלטיקה | C21: מזון וקניות | M21: מזון וטואלטיקה
A22: צ'ק | B22: סיגריות | C22: מזון וקניות | M22: סיגריות
A23: 10ביס | B23: טיפוח ויופי | C23: מזון וקניות | M23: טיפוח ויופי
A24: י-ח | B24: קוסמטיקה | C24: מזון וקניות | M24: קוסמטיקה
B25: ביגוד והנעלה | C25: מזון וקניות | M25: ביגוד והנעלה
B26: קניות שונות | C26: מזון וקניות | M26: קניות שונות
B27: מזומן ללא מעקב | C27: מזון וקניות | M27: מזומן ללא מעקב
B28: בר מים | C28: מזון וקניות | M28: בר מים
B29: מכשירים | C29: מזון וקניות | M29: מכשירים
B30: הוצאות לעסק | C30: מזון וקניות | M30: הוצאות לעסק
B31: מנויים | C31: מזון וקניות | M31: אחר
B32: תוכנות מחשב | C32: מזון וקניות | M32: אחר
B33: דלק | C33: רכב ונסיעות | M33: סך מזון וקניות
B34: טיפולים ותיקונים | C34: רכב ונסיעות | M34: דלק
B35: אגרות (כולל טסט) | C35: רכב ונסיעות | M35: טיפולים ותיקונים
B36: ביטוח רכב | C36: רכב ונסיעות | M36: אגרות (כולל טסט)
... B95: משכורת | C95: עסק | M95: פנסיה
M96: ביטוח לאומי
M97: רו"ח
M98: שיווק
M99: הוצאות שוטפות
M100: רכישות לעסק
M101: סך עסק

Sheet פרטים
A2: שם משפחה | C2: שם פרטי | E2: מקצוע
A4: שם משפחה | C4: שם פרטי | E4: מקצוע

Sheet Data
C1: מדרגה 1 | D1: ריבית מתואמת 1 | E1: מדרגה 2 | F1: ריבית מתואמת 2
A2: מסגרת אשראי דיסקונט | B2: 35000 | C2: 0-29000 | D2: 3.13 | E2: 29000.01-35000 | F2: 10.55
A3: מסגרת אשראי הפועלים | B3: 10000
A6: הלוואות | B6: סוג | C6: ריבית | D6: תאריך סיום | E6: סכום התחלתי | F6: החזר חודשי | K6: נשאר להחזיר
A7: הפועלים | B7: רגילה | C7: P+1.35% | D7: 15.11.2022 | E7: 55000 | F7: 1100 | H7: משתנה | I7: קרן שווה | J7: לא צמודה | K7: 28573.32
A8: דיסקונט | B8: רגילה | C8: P+1.5% | D8: 05.05.2020 | E8: 40000 | F8: 747 | H8: משתנה | I8: קרן שווה | J8: לא צמודה | K8: 28066
A9: קרמר אדי ויידה | B9: רגילה | C9: 0 | K9: 38550
A10: סבא | B10: רגילה | C10: 0 | K10: 80000 | L10: 20000 יורו
A11: דיסקונט | B11: משכנתא | C11: P+1.2% | D11: 15.07.2041 | E11: 233000 | F11: 1327 | G11: פריים | H11: משתנה | I11: קרן שווה | J11: לא צמודה | K11: 230227
A12: דיסקונט | B12: משכנתא | C12: 0.0482 | D12: 15.07.2036 | E12: 234000 | F12: 1521 | G12: קל"צ | H12: קבועה | I12: שפיצר | J12: לא צמודה | K12: 232250
A13: דיסקונט | B13: משכנתא | C13: 0.036 | D13: 15.07.2041 | E13: 233000 | F13: 1179 | G13: קבועה צמוד | H13: קבועה | I13: שפיצר | J13: צמודה | K13: 233035
A17: פקדונות

Sheet נכסים והתחיבויות
A1: הלוואות ופקדונות | B1: סוג | C1: 12-17 | D1: 01 | E1: 02 | F1: 03 | G1: 04 | H1: 05 | I1: 06 | J1: 07 | K1: 08 | L1: 09 | M1: 10 | N1: 11 | O1: 12 | Q1: מצב נוכחי | R1: רגילה | S1: משכנתא | T1: פקדון | U1: חסכון | V1: קרן השתלמות | W1: נכסים
A2: הפועלים | B2: רגילה | Q2: 12-16 | R2: =SUMIF($B:$B,$R$1,$C:$C) -> 0 | S2: =SUMIF($B:$B,$S$1,$C:$C) -> 0 | T2: =SUMIF($B:$B,$T$1,$C:$C) -> 0 | U2: =SUMIF($B:$B,$U$1,$C:$C) -> 0 | V2: =SUMIF($B:$B,$V$1,$C:$C) -> 0 | W2: 1500000
A3: הפועלים | B3: רגילה | Q3: 01 | R3: =SUMIF($B:$B,$R$1,$D:$D) -> 0 | S3: =SUMIF($B:$B,S$1,$D:$D) -> 0 | T3: =SUMIF($B:$B,$T$1,$D:$D) -> 0 | U3: =SUMIF($B:$B,$U$1,$D:$D) -> 0 | V3: =SUMIF($B:$B,$V$1,$D:$D) -> 0 | W3: 1500000
A4: דיסקונט | B4: רגילה | Q4: 02 | R4: =SUMIF($B:$B,$R$1,$E:$E) -> 0 | S4: =SUMIF($B:$B,S$1,$E:$E) -> 0 | T4: =SUMIF($B:$B,$T$1,$E:$E) -> 0 | U4: =SUMIF($B:$B,$U$1,$E:$E) -> 0 | V4: =SUMIF($B:$B,$V$1,$E:$E) -> 0 | W4: 1500000
A5: אדי ויידה | B5: רגילה | Q5: 03 | R5: =SUMIF($B:$B,$R$1,$F:$F) -> 0 | S5: =SUMIF($B:$B,S$1,$F:$F) -> 0 | T5: =SUMIF($B:$B,$T$1,$F:$F) -> 0 | U5: =SUMIF($B:$B,$U$1,$F:$F) -> 0 | V5: =SUMIF($B:$B,$V$1,$F:$F) -> 0 | W5: 1500000
A6: סבא | B6: רגילה | Q6: 04 | R6: =SUMIF($B:$B,$R$1,$G:$G) -> 0 | S6: =SUMIF($B:$B,S$1,$G:$G) -> 0 | T6: =SUMIF($B:$B,$T$1,$G:$G) -> 0 | U6: =SUMIF($B:$B,$U$1,$G:$G) -> 0 | V6: =SUMIF($B:$B,$V$1,$G:$G) -> 0 | W6: 1500000
A7: דיסקונט | B7: משכנתא | Q7: 05 | R7: =SUMIF($B:$B,$R$1,$H:$H) -> 0 | S7: =SUMIF($B:$B,S$1,$H:$H) -> 0 | T7: =SUMIF($B:$B,$T$1,$H:$H) -> 0 | U7: =SUMIF($B:$B,$U$1,$H:$H) -> 0 | V7: =SUMIF($B:$B,$V$1,$H:$H) -> 0 | W7: 1500000
A8: דיסקונט | B8: משכנתא | Q8: 06 | R8: =SUMIF($B:$B,$R$1,$I:$I) -> 0 | S8: =SUMIF($B:$B,S$1,$I:$I) -> 0 | T8: =SUMIF($B:$B,$T$1,$I:$I) -> 0 | U8: =SUMIF($B:$B,$U$1,$I:$I) -> 0 | V8: =SUMIF($B:$B,$V$1,$I:$I) -> 0 | W8: 1500000
A9: דיסקונט | B9: משכנתא | Q9: 07 | R9: =SUMIF($B:$B,$R$1,$J:$J) -> 0 | S9: =SUMIF($B:$B,S$1,$J:$J) -> 0 | T9: =SUMIF($B:$B,$T$1,$J:$J) -> 0 | U9: =SUMIF($B:$B,$U$1,$J:$J) -> 0 | V9: =SUMIF($B:$B,$V$1,$J:$J) -> 0 | W9: 1500000
A10: שורקות | B10: פקדון | Q10: 08 | R10: =SUMIF($B:$B,$R$1,$K:$K) -> 0 | S10: =SUMIF($B:$B,S$1,$K:$K) -> 0 | T10: =SUMIF($B:$B,$T$1,$K:$K) -> 0 | U10: =SUMIF($B:$B,$U$1,$K:$K) -> 0 | V10: =SUMIF($B:$B,$V$1,$K:$K) -> 0 | W10: 1500000
A11: תופים | B11: פקדון | Q11: 09 | R11: =SUMIF($B:$B,$R$1,$L:$L) -> 0 | S11: =SUMIF($B:$B,S$1,$L:$L) -> 0 | T11: =SUMIF($B:$B,$T$1,$L:$L) -> 0 | U11: =SUMIF($B:$B,$U$1,$L:$L) -> 0 | V11: =SUMIF($B:$B,$V$1,$L:$L) -> 0 | W11: 1500000
A12: בית (אורן+מיכה) | B12: פקדון | Q12: 10 | R12: =SUMIF($B:$B,$R$1,$M:$M) -> 0 | S12: =SUMIF($B:$B,S$1,$M:$M) -> 0 | T12: =SUMIF($B:$B,$T$1,$M:$M) -> 0 | U12: =SUMIF($B:$B,$U$1,$M:$M) -> 0 | V12: =SUMIF($B:$B,$V$1,$M:$M) -> 0 | W12: 1500000
A13: בית2 | B13: פקדון | Q13: 11 | R13: =SUMIF($B:$B,$R$1,$N:$N) -> 0 | S13: =SUMIF($B:$B,S$1,$N:$N) -> 0 | T13: =SUMIF($B:$B,$T$1,$N:$N) -> 0 | U13: =SUMIF($B:$B,$U$1,$N:$N) -> 0 | V13: =SUMIF($B:$B,$V$1,$N:$N) -> 0 | W13: 1500000
A14: משכנתא | B14: פקדון | Q14: 12 | R14: =SUMIF($B:$B,$R$1,$O:$O) -> 0 | S14: =SUMIF($B:$B,S$1,$O:$O) -> 0 | T14: =SUMIF($B:$B,$T$1,$O:$O) -> 0 | U14: =SUMIF($B:$B,$U$1,$O:$O) -> 0 | V14: =SUMIF($B:$B,$V$1,$O:$O) -> 0 | W14: 1500000

Sheet 1125
A1: 12 | B1: 10 | C1: דיסקונט | D1: לאומי | F1: תאריך | G1: סכום | H1: סוג הוצאה | I1: קטגוריה | J1: איך | K1: # | L1: סיום | N1: בלת"ם
A2: כרטיסי אשראי | B2: כ"א לאומי לילי | C2: 18534.2 | D2: 0 | F2: קבועות
B3: כ"א לאומי לילי חו"ל | C3: 578.88 | G3: 10 | H3: עמלות | I3: =_xlfn.XLOOKUP(H3,[2]Dropdown!B:B,[2]Dropdown!C:C) -> ביטוחים ופיננסים | J3: חש-ל
B4: כ"א קאל יניב | C4: 8037.61 | D4: 20894.74 | G4: 0 | H4: ביוב | I4: =_xlfn.XLOOKUP(H4,[2]Dropdown!B:B,[2]Dropdown!C:C) -> תחזוקת דירה ותקשורת | J4: ל-ו 2
G5: 0 | H5: ארנונה | I5: =_xlfn.XLOOKUP(H5,[2]Dropdown!B:B,[2]Dropdown!C:C) -> תחזוקת דירה ותקשורת | J5: ל-ו 2 | Q5: קבוע | R5: 1 | S5: 2 | T5: 3 | U5: 4 | V5: 5 | W5: 6 | X5: 7 | Y5: 8 | Z5: 9 | AA5: 10 | AB5: 11 | AC5: 12 | AD5: 13 | AE5: 14 | AF5: 15 | AG5: 16 | AH5: 17 | AI5: 18 | AJ5: 19 | AK5: 20 | AL5: 21 | AM5: 22 | AN5: 23 | AO5: 24 | AP5: 25 | AQ5: 26 | AR5: 27 | AS5: 28 | AT5: 29 | AU5: 30 | AV5: 31 | AW5: סה"כ
G6: 1760.4 | H6: ועד בית/ישוב | I6: =_xlfn.XLOOKUP(H6,[2]Dropdown!B:B,[2]Dropdown!C:C) -> תחזוקת דירה ותקשורת | J6: העברה | P6: תחזוקת דירה ותקשורת | Q6: =SUMIFS($G:$G,$I:$I,$P6,$F:$F,"") -> 10318.81 | R6: =SUMIFS($G:$G,$I:$I,$P6,$F:$F, TEXT(R$5,"00") & "." & TEXT($A$1,"00")) -> 0 | S6: =SUMIFS($G:$G,$I:$I,$P6,$F:$F, TEXT(S$5,"00") & "." & TEXT($A$1,"00")) -> 0 | T6: =SUMIFS($G:$G,$I:$I,$P6,$F:$F, TEXT(T$5,"00") & "." & TEXT($A$1,"00")) -> 0 | U6: =SUMIFS($G:$G,$I:$I,$P6,$F:$F, TEXT(U$5,"00") & "." & TEXT($A$1,"00")) -> 0 | V6: =SUMIFS($G:$G,$I:$I,$P6,$F:$F, TEXT(V$5,"00") & "." & TEXT($A$1,"00")) -> 0 | W6: =SUMIFS($G:$G,$I:$I,$P6,$F:$F, TEXT(W$5,"00") & "." & TEXT($A$1,"00")) -> 0 | X6: =SUMIFS($G:$G,$I:$I,$P6,$F:$F, TEXT(X$5,"00") & "." & TEXT($A$1,"00")) -> 0 | Y6: =SUMIFS($G:$G,$I:$I,$P6,$F:$F, TEXT(Y$5,"00") & "." & TEXT($A$1,"00")) -> 0 | ... AV6: =SUMIFS($G:$G,$I:$I,$P6,$F:$F, TEXT(AV$5,"00") & "." & TEXT($A$1,"00")) -> 0 | AW6: =SUM(Q6:AV6) -> 10318.81
A7: הלוואה | B7: הלוואה | C7: 0 | D7: 0 | G7: 0 | H7: טלפון (נייח) | I7: =_xlfn.XLOOKUP(H7,[2]Dropdown!B:B,[2]Dropdown!C:C) -> תחזוקת דירה ותקשורת | J7: העברה | P7: מזון וקניות | Q7: =SUMIFS($G:$G,$I:$I,$P7,$F:$F,"") -> 2432.66 | R7: =SUMIFS($G:$G,$I:$I,$P7,$F:$F, TEXT(R$5,"00") & "." & TEXT($A$1,"00")) -> 0 | S7: =SUMIFS($G:$G,$I:$I,$P7,$F:$F, TEXT(S$5,"00") & "." & TEXT($A$1,"00")) -> 0 | T7: =SUMIFS($G:$G,$I:$I,$P7,$F:$F, TEXT(T$5,"00") & "." & TEXT($A$1,"00")) -> 0 | U7: =SUMIFS($G:$G,$I:$I,$P7,$F:$F, TEXT(U$5,"00") & "." & TEXT($A$1,"00")) -> 0 | V7: =SUMIFS($G:$G,$I:$I,$P7,$F:$F, TEXT(V$5,"00") & "." & TEXT($A$1,"00")) -> 0 | W7: =SUMIFS($G:$G,$I:$I,$P7,$F:$F, TEXT(W$5,"00") & "." & TEXT($A$1,"00")) -> 0 | X7: =SUMIFS($G:$G,$I:$I,$P7,$F:$F, TEXT(X$5,"00") & "." & TEXT($A$1,"00")) -> 0 | Y7: =SUMIFS($G:$G,$I:$I,$P7,$F:$F, TEXT(Y$5,"00") & "." & TEXT($A$1,"00")) -> 0 | ... AV7: =SUMIFS($G:$G,$I:$I,$P7,$F:$F, TEXT(AV$5,"00") & "." & TEXT($A$1,"00")) -> 0 | AW7: =SUM(Q7:AV7) -> 2432.66
B8: משכנתא | C8: 4642.05 | G8: 95 | H8: אינטרנט | I8: =_xlfn.XLOOKUP(H8,[2]Dropdown!B:B,[2]Dropdown!C:C) -> תחזוקת דירה ותקשורת | J8: העברה | P8: רכב ונסיעות | Q8: =SUMIFS($G:$G,$I:$I,$P8,$F:$F,"") -> 588 | R8: =SUMIFS($G:$G,$I:$I,$P8,$F:$F, TEXT(R$5,"00") & "." & TEXT($A$1,"00")) -> 0 | S8: =SUMIFS($G:$G,$I:$I,$P8,$F:$F, TEXT(S$5,"00") & "." & TEXT($A$1,"00")) -> 0 | T8: =SUMIFS($G:$G,$I:$I,$P8,$F:$F, TEXT(T$5,"00") & "." & TEXT($A$1,"00")) -> 0 | U8: =SUMIFS($G:$G,$I:$I,$P8,$F:$F, TEXT(U$5,"00") & "." & TEXT($A$1,"00")) -> 0 | V8: =SUMIFS($G:$G,$I:$I,$P8,$F:$F, TEXT(V$5,"00") & "." & TEXT($A$1,"00")) -> 0 | W8: =SUMIFS($G:$G,$I:$I,$P8,$F:$F, TEXT(W$5,"00") & "." & TEXT($A$1,"00")) -> 0 | X8: =SUMIFS($G:$G,$I:$I,$P8,$F:$F, TEXT(X$5,"00") & "." & TEXT($A$1,"00")) -> 0 | Y8: =SUMIFS($G:$G,$I:$I,$P8,$F:$F, TEXT(Y$5,"00") & "." & TEXT($A$1,"00")) -> 0 | ... AV8: =SUMIFS($G:$G,$I:$I,$P8,$F:$F, TEXT(AV$5,"00") & "." & TEXT($A$1,"00")) -> 0 | AW8: =SUM(Q8:AV8) -> 588
A9: קבועים | B9: קיבוץ/שוטף | C9: 3073.4 | D9: 1696.61 | G9: 112 | H9: קופ"ח + משלים | I9: =_xlfn.XLOOKUP(H9,[2]Dropdown!B:B,[2]Dropdown!C:C) -> בריאות וטיפולים | J9: העברה | P9: ילדים וחינוך | Q9: =SUMIFS($G:$G,$I:$I,$P9,$F:$F,"") -> 3582.72 | R9: =SUMIFS($G:$G,$I:$I,$P9,$F:$F, TEXT(R$5,"00") & "." & TEXT($A$1,"00")) -> 0 | S9: =SUMIFS($G:$G,$I:$I,$P9,$F:$F, TEXT(S$5,"00") & "." & TEXT($A$1,"00")) -> 0 | T9: =SUMIFS($G:$G,$I:$I,$P9,$F:$F, TEXT(T$5,"00") & "." & TEXT($A$1,"00")) -> 0 | U9: =SUMIFS($G:$G,$I:$I,$P9,$F:$F, TEXT(U$5,"00") & "." & TEXT($A$1,"00")) -> 0 | V9: =SUMIFS($G:$G,$I:$I,$P9,$F:$F, TEXT(V$5,"00") & "." & TEXT($A$1,"00")) -> 0 | W9: =SUMIFS($G:$G,$I:$I,$P9,$F:$F, TEXT(W$5,"00") & "." & TEXT($A$1,"00")) -> 0 | X9: =SUMIFS($G:$G,$I:$I,$P9,$F:$F, TEXT(X$5,"00") & "." & TEXT($A$1,"00")) -> 0 | Y9: =SUMIFS($G:$G,$I:$I,$P9,$F:$F, TEXT(Y$5,"00") & "." & TEXT($A$1,"00")) -> 0 | ... AV9: =SUMIFS($G:$G,$I:$I,$P9,$F:$F, TEXT(AV$5,"00") & "." & TEXT($A$1,"00")) -> 0 | AW9: =SUM(Q9:AV9) -> 3582.72
B10: אחר | C10: 454.3 | G10: 387 | H10: ביטוח בריאות פרטי | I10: =_xlfn.XLOOKUP(H10,[2]Dropdown!B:B,[2]Dropdown!C:C) -> בריאות וטיפולים | J10: העברה | P10: תרבות ופנאי | Q10: =SUMIFS($G:$G,$I:$I,$P10,$F:$F,"") -> 0 | R10: =SUMIFS($G:$G,$I:$I,$P10,$F:$F, TEXT(R$5,"00") & "." & TEXT($A$1,"00")) -> 0 | S10: =SUMIFS($G:$G,$I:$I,$P10,$F:$F, TEXT(S$5,"00") & "." & TEXT($A$1,"00")) -> 0 | T10: =SUMIFS($G:$G,$I:$I,$P10,$F:$F, TEXT(T$5,"00") & "." & TEXT($A$1,"00")) -> 0 | U10: =SUMIFS($G:$G,$I:$I,$P10,$F:$F, TEXT(U$5,"00") & "." & TEXT($A$1,"00")) -> 0 | V10: =SUMIFS($G:$G,$I:$I,$P10,$F:$F, TEXT(V$5,"00") & "." & TEXT($A$1,"00")) -> 0 | W10: =SUMIFS($G:$G,$I:$I,$P10,$F:$F, TEXT(W$5,"00") & "." & TEXT($A$1,"00")) -> 0 | X10: =SUMIFS($G:$G,$I:$I,$P10,$F:$F, TEXT(X$5,"00") & "." & TEXT($A$1,"00")) -> 0 | Y10: =SUMIFS($G:$G,$I:$I,$P10,$F:$F, TEXT(Y$5,"00") & "." & TEXT($A$1,"00")) -> 0 | ... AV10: =SUMIFS($G:$G,$I:$I,$P10,$F:$F, TEXT(AV$5,"00") & "." & TEXT($A$1,"00")) -> 0 | AW10: =SUM(Q10:AV10) -> 0
A11: תשלומים | B11: עמלות | C11: 0 | D11: 10 | G11: 100 | H11: ביטוח דירה | I11: =_xlfn.XLOOKUP(H11,[2]Dropdown!B:B,[2]Dropdown!C:C) -> תחזוקת דירה ותקשורת | J11: העברה | P11: בריאות וטיפולים | Q11: =SUMIFS($G:$G,$I:$I,$P11,$F:$F,"") -> 1392.26 | R11: =SUMIFS($G:$G,$I:$I,$P11,$F:$F, TEXT(R$5,"00") & "." & TEXT($A$1,"00")) -> 0 | S11: =SUMIFS($G:$G,$I:$I,$P11,$F:$F, TEXT(S$5,"00") & "." & TEXT($A$1,"00")) -> 0 | T11: =SUMIFS($G:$G,$I:$I,$P11,$F:$F, TEXT(T$5,"00") & "." & TEXT($A$1,"00")) -> 0 | U11: =SUMIFS($G:$G,$I:$I,$P11,$F:$F, TEXT(U$5,"00") & "." & TEXT($A$1,"00")) -> 0 | V11: =SUMIFS($G:$G,$I:$I,$P11,$F:$F, TEXT(V$5,"00") & "." & TEXT($A$1,"00")) -> 0 | W11: =SUMIFS($G:$G,$I:$I,$P11,$F:$F, TEXT(W$5,"00") & "." & TEXT($A$1,"00")) -> 0 | X11: =SUMIFS($G:$G,$I:$I,$P11,$F:$F, TEXT(X$5,"00") & "." & TEXT($A$1,"00")) -> 0 | Y11: =SUMIFS($G:$G,$I:$I,$P11,$F:$F, TEXT(Y$5,"00") & "." & TEXT($A$1,"00")) -> 0 | ... AV11: =SUMIFS($G:$G,$I:$I,$P11,$F:$F, TEXT(AV$5,"00") & "." & TEXT($A$1,"00")) -> 0 | AW11: =SUM(Q11:AV11) -> 1392.26
B12: העברה בין חשבונות | D12: 14000 | G12: 0 | H12: מים | I12: =_xlfn.XLOOKUP(H12,[2]Dropdown!B:B,[2]Dropdown!C:C) -> תחזוקת דירה ותקשורת | J12: העברה | P12: ביטוחים ופיננסים | Q12: =SUMIFS($G:$G,$I:$I,$P12,$F:$F,"") -> 5104.43 | R12: =SUMIFS($G:$G,$I:$I,$P12,$F:$F, TEXT(R$5,"00") & "." & TEXT($A$1,"00")) -> 0 | S12: =SUMIFS($G:$G,$I:$I,$P12,$F:$F, TEXT(S$5,"00") & "." & TEXT($A$1,"00")) -> 0 | T12: =SUMIFS($G:$G,$I:$I,$P12,$F:$F, TEXT(T$5,"00") & "." & TEXT($A$1,"00")) -> 0 | U12: =SUMIFS($G:$G,$I:$I,$P12,$F:$F, TEXT(U$5,"00") & "." & TEXT($A$1,"00")) -> 0 | V12: =SUMIFS($G:$G,$I:$I,$P12,$F:$F, TEXT(V$5,"00") & "." & TEXT($A$1,"00")) -> 0 | W12: =SUMIFS($G:$G,$I:$I,$P12,$F:$F, TEXT(W$5,"00") & "." & TEXT($A$1,"00")) -> 0 | X12: =SUMIFS($G:$G,$I:$I,$P12,$F:$F, TEXT(X$5,"00") & "." & TEXT($A$1,"00")) -> 0 | Y12: =SUMIFS($G:$G,$I:$I,$P12,$F:$F, TEXT(Y$5,"00") & "." & TEXT($A$1,"00")) -> 0 | ... AV12: =SUMIFS($G:$G,$I:$I,$P12,$F:$F, TEXT(AV$5,"00") & "." & TEXT($A$1,"00")) -> 0 | AW12: =SUM(Q12:AV12) -> 5104.43
B13: העברה | C13: -1720 | G13: 0 | H13: חוגים וקייטנות | I13: =_xlfn.XLOOKUP(H13,[2]Dropdown!B:B,[2]Dropdown!C:C) -> ילדים וחינוך | J13: העברה | P13: עסק | Q13: =SUMIFS($G:$G,$I:$I,$P13,$F:$F,"") -> 41161.61 | R13: =SUMIFS($G:$G,$I:$I,$P13,$F:$F, TEXT(R$5,"00") & "." & TEXT($A$1,"00")) -> 0 | S13: =SUMIFS($G:$G,$I:$I,$P13,$F:$F, TEXT(S$5,"00") & "." & TEXT($A$1,"00")) -> 0 | T13: =SUMIFS($G:$G,$I:$I,$P13,$F:$F, TEXT(T$5,"00") & "." & TEXT($A$1,"00")) -> 0 | U13: =SUMIFS($G:$G,$I:$I,$P13,$F:$F, TEXT(U$5,"00") & "." & TEXT($A$1,"00")) -> 0 | V13: =SUMIFS($G:$G,$I:$I,$P13,$F:$F, TEXT(V$5,"00") & "." & TEXT($A$1,"00")) -> 0 | W13: =SUMIFS($G:$G,$I:$I,$P13,$F:$F, TEXT(W$5,"00") & "." & TEXT($A$1,"00")) -> 0 | X13: =SUMIFS($G:$G,$I:$I,$P13,$F:$F, TEXT(X$5,"00") & "." & TEXT($A$1,"00")) -> 0 | Y13: =SUMIFS($G:$G,$I:$I,$P13,$F:$F, TEXT(Y$5,"00") & "." & TEXT($A$1,"00")) -> 0 | ... AV13: =SUMIFS($G:$G,$I:$I,$P13,$F:$F, TEXT(AV$5,"00") & "." & TEXT($A$1,"00")) -> 0 | AW13: =SUM(Q13:AV13) -> 41161.61
A14: מזומן | B14: כספומט | G14: 0 | H14: חוגים וקייטנות | I14: =_xlfn.XLOOKUP(H14,[2]Dropdown!B:B,[2]Dropdown!C:C) -> ילדים וחינוך | J14: העברה
A15: שחרור פקדון | C15: -4200.3 | D15: 0 | G15: 1703.25 | H15: משכנתא | I15: =_xlfn.XLOOKUP(H15,[2]Dropdown!B:B,[2]Dropdown!C:C) -> תחזוקת דירה ותקשורת | J15: חש-ד
A16: חסכון | B16: פקדון | C16: 4000 | D16: 0 | G16: 1521.12 | H16: משכנתא | I16: =_xlfn.XLOOKUP(H16,[2]Dropdown!B:B,[2]Dropdown!C:C) -> תחזוקת דירה ותקשורת | J16: חש-ד
A17: הוצאות עתידיות | G17: 1417.68 | H17: משכנתא | I17: =_xlfn.XLOOKUP(H17,[2]Dropdown!B:B,[2]Dropdown!C:C) -> תחזוקת דירה ותקשורת | J17: חש-ד | P17: קטגוריה
A18: סך הוצאות | C18: 33400.14 | D18: 36601.35 | G18: 616.79 | H18: חשמל | I18: =_xlfn.XLOOKUP(H18,[2]Dropdown!B:B,[2]Dropdown!C:C) -> תחזוקת דירה ותקשורת | J18: י-ק 2 | P18: תחזוקת דירה ותקשורת | Q18: קבוע | R18: 1 | S18: 2 | T18: 3 | U18: 4 | V18: 5 | W18: 6 | X18: 7 | Y18: 8 | Z18: 9 | AA18: 10 | AB18: 11 | AC18: 12 | AD18: 13 | AE18: 14 | AF18: 15 | AG18: 16 | AH18: 17 | AI18: 18 | AJ18: 19 | AK18: 20 | AL18: 21 | AM18: 22 | AN18: 23 | AO18: 24 | AP18: 25 | AQ18: 26 | AR18: 27 | AS18: 28 | AT18: 29 | AU18: 30 | AV18: 31 | AW18: סה"כ
G19: 97.97 | H19: כבלים | I19: =_xlfn.XLOOKUP(H19,[2]Dropdown!B:B,[2]Dropdown!C:C) -> תחזוקת דירה ותקשורת | J19: ל-ו 2 | P19: {=_xlfn._xlws.FILTER(Dropdown!$B:$B,Dropdown!$C:$C = $P$18)} -> משכנתא | Q19: =SUMIFS($G:$G,$H:$H,$P19,$F:$F,"") -> 4642.05 | R19: =SUMIFS($G:$G,$H:$H,$P19,$F:$F,TEXT(R$5,"00") & "." & TEXT($A$1,"00")) -> 0 | S19: =SUMIFS($G:$G,$H:$H,$P19,$F:$F,TEXT(S$5,"00") & "." & TEXT($A$1,"00")) -> 0 | T19: =SUMIFS($G:$G,$H:$H,$P19,$F:$F,TEXT(T$5,"00") & "." & TEXT($A$1,"00")) -> 0 | U19: =SUMIFS($G:$G,$H:$H,$P19,$F:$F,TEXT(U$5,"00") & "." & TEXT($A$1,"00")) -> 0 | V19: =SUMIFS($G:$G,$H:$H,$P19,$F:$F,TEXT(V$5,"00") & "." & TEXT($A$1,"00")) -> 0 | W19: =SUMIFS($G:$G,$H:$H,$P19,$F:$F,TEXT(W$5,"00") & "." & TEXT($A$1,"00")) -> 0 | X19: =SUMIFS($G:$G,$H:$H,$P19,$F:$F,TEXT(X$5,"00") & "." & TEXT($A$1,"00")) -> 0 | Y19: =SUMIFS($G:$G,$H:$H,$P19,$F:$F,TEXT(Y$5,"00") & "." & TEXT($A$1,"00")) -> 0 | ... AV19: =SUMIFS($G:$G,$H:$H,$P19,$F:$F,TEXT(AV$5,"00") & "." & TEXT($A$1,"00")) -> 0 | AW19: =SUM(Q19:AV19) -> 4642.05
A20: הכנסות | B20: משכורת יניב | C20: 15004.26 | D20: 0 | G20: 69.9 | H20: כבלים | I20: =_xlfn.XLOOKUP(H20,[2]Dropdown!B:B,[2]Dropdown!C:C) -> תחזוקת דירה ותקשורת | J20: ל-ח 1 | P20: שכר דירה | Q20: =SUMIFS($G:$G,$H:$H,$P20,$F:$F,"") -> 0 | R20: =SUMIFS($G:$G,$H:$H,$P20,$F:$F,TEXT(R$5,"00") & "." & TEXT($A$1,"00")) -> 0 | S20: =SUMIFS($G:$G,$H:$H,$P20,$F:$F,TEXT(S$5,"00") & "." & TEXT($A$1,"00")) -> 0 | T20: =SUMIFS($G:$G,$H:$H,$P20,$F:$F,TEXT(T$5,"00") & "." & TEXT($A$1,"00")) -> 0 | U20: =SUMIFS($G:$G,$H:$H,$P20,$F:$F,TEXT(U$5,"00") & "." & TEXT($A$1,"00")) -> 0 | V20: =SUMIFS($G:$G,$H:$H,$P20,$F:$F,TEXT(V$5,"00") & "." & TEXT($A$1,"00")) -> 0 | W20: =SUMIFS($G:$G,$H:$H,$P20,$F:$F,TEXT(W$5,"00") & "." & TEXT($A$1,"00")) -> 0 | X20: =SUMIFS($G:$G,$H:$H,$P20,$F:$F,TEXT(X$5,"00") & "." & TEXT($A$1,"00")) -> 0 | Y20: =SUMIFS($G:$G,$H:$H,$P20,$F:$F,TEXT(Y$5,"00") & "." & TEXT($A$1,"00")) -> 0 | ... AV20: =SUMIFS($G:$G,$H:$H,$P20,$F:$F,TEXT(AV$5,"00") & "." & TEXT($A$1,"00")) -> 0 | AW20: =SUM(Q20:AV20) -> 0
B21: משכורת לילי | C21: 14000 | D21: 42731 | G21: 122.4 | H21: טלפונים ניידים | I21: =_xlfn.XLOOKUP(H21,[2]Dropdown!B:B,[2]Dropdown!C:C) -> תחזוקת דירה ותקשורת | J21: ל-ו 2 | P21: ארנונה | Q21: =SUMIFS($G:$G,$H:$H,$P21,$F:$F,"") -> 0 | R21: =SUMIFS($G:$G,$H:$H,$P21,$F:$F,TEXT(R$5,"00") & "." & TEXT($A$1,"00")) -> 0 | S21: =SUMIFS($G:$G,$H:$H,$P21,$F:$F,TEXT(S$5,"00") & "." & TEXT($A$1,"00")) -> 0 | T21: =SUMIFS($G:$G,$H:$H,$P21,$F:$F,TEXT(T$5,"00") & "." & TEXT($A$1,"00")) -> 0 | U21: =SUMIFS($G:$G,$H:$H,$P21,$F:$F,TEXT(U$5,"00") & "." & TEXT($A$1,"00")) -> 0 | V21: =SUMIFS($G:$G,$H:$H,$P21,$F:$F,TEXT(V$5,"00") & "." & TEXT($A$1,"00")) -> 0 | W21: =SUMIFS($G:$G,$H:$H,$P21,$F:$F,TEXT(W$5,"00") & "." & TEXT($A$1,"00")) -> 0 | X21: =SUMIFS($G:$G,$H:$H,$P21,$F:$F,TEXT(X$5,"00") & "." & TEXT($A$1,"00")) -> 0 | Y21: =SUMIFS($G:$G,$H:$H,$P21,$F:$F,TEXT(Y$5,"00") & "." & TEXT($A$1,"00")) -> 0 | ... AV21: =SUMIFS($G:$G,$H:$H,$P21,$F:$F,TEXT(AV$5,"00") & "." & TEXT($A$1,"00")) -> 0 | AW21: =SUM(Q21:AV21) -> 0
B22: קצבה | C22: 269 | G22: 80.94 | H22: ביטוח בריאות פרטי | I22: =_xlfn.XLOOKUP(H22,[2]Dropdown!B:B,[2]Dropdown!C:C) -> בריאות וטיפולים | J22: ל-ו 2 | M22: מנורה | P22: מים | Q22: =SUMIFS($G:$G,$H:$H,$P22,$F:$F,"") -> 0 | R22: =SUMIFS($G:$G,$H:$H,$P22,$F:$F,TEXT(R$5,"00") & "." & TEXT($A$1,"00")) -> 0 | S22: =SUMIFS($G:$G,$H:$H,$P22,$F:$F,TEXT(S$5,"00") & "." & TEXT($A$1,"00")) -> 0 | T22: =SUMIFS($G:$G,$H:$H,$P22,$F:$F,TEXT(T$5,"00") & "." & TEXT($A$1,"00")) -> 0 | U22: =SUMIFS($G:$G,$H:$H,$P22,$F:$F,TEXT(U$5,"00") & "." & TEXT($A$1,"00")) -> 0 | V22: =SUMIFS($G:$G,$H:$H,$P22,$F:$F,TEXT(V$5,"00") & "." & TEXT($A$1,"00")) -> 0 | W22: =SUMIFS($G:$G,$H:$H,$P22,$F:$F,TEXT(W$5,"00") & "." & TEXT($A$1,"00")) -> 0 | X22: =SUMIFS($G:$G,$H:$H,$P22,$F:$F,TEXT(X$5,"00") & "." & TEXT($A$1,"00")) -> 0 | Y22: =SUMIFS($G:$G,$H:$H,$P22,$F:$F,TEXT(Y$5,"00") & "." & TEXT($A$1,"00")) -> 0 | ... AV22: =SUMIFS($G:$G,$H:$H,$P22,$F:$F,TEXT(AV$5,"00") & "." & TEXT($A$1,"00")) -> 0 | AW22: =SUM(Q22:AV22) -> 0
B23: עסק | C23: 2280 | G23: 10.42 | H23: ביטוח בריאות פרטי | I23: =_xlfn.XLOOKUP(H23,[2]Dropdown!B:B,[2]Dropdown!C:C) -> בריאות וטיפולים | J23: ל-ו 2 | M23: הראל | P23: חשמל | Q23: =SUMIFS($G:$G,$H:$H,$P23,$F:$F,"") -> 616.79 | R23: =SUMIFS($G:$G,$H:$H,$P23,$F:$F,TEXT(R$5,"00") & "." & TEXT($A$1,"00")) -> 0 | S23: =SUMIFS($G:$G,$H:$H,$P23,$F:$F,TEXT(S$5,"00") & "." & TEXT($A$1,"00")) -> 0 | T23: =SUMIFS($G:$G,$H:$H,$P23,$F:$F,TEXT(T$5,"00") & "." & TEXT($A$1,"00")) -> 0 | U23: =SUMIFS($G:$G,$H:$H,$P23,$F:$F,TEXT(U$5,"00") & "." & TEXT($A$1,"00")) -> 0 | V23: =SUMIFS($G:$G,$H:$H,$P23,$F:$F,TEXT(V$5,"00") & "." & TEXT($A$1,"00")) -> 0 | W23: =SUMIFS($G:$G,$H:$H,$P23,$F:$F,TEXT(W$5,"00") & "." & TEXT($A$1,"00")) -> 0 | X23: =SUMIFS($G:$G,$H:$H,$P23,$F:$F,TEXT(X$5,"00") & "." & TEXT($A$1,"00")) -> 0 | Y23: =SUMIFS($G:$G,$H:$H,$P23,$F:$F,TEXT(Y$5,"00") & "." & TEXT($A$1,"00")) -> 0 | ... AV23: =SUMIFS($G:$G,$H:$H,$P23,$F:$F,TEXT(AV$5,"00") & "." & TEXT($A$1,"00")) -> 0 | AW23: =SUM(Q23:AV23) -> 616.79
A24: סה"כ | C24: 31553.26 | D24: 42731 | G24: 53.91 | H24: ביטוח בריאות פרטי | I24: =_xlfn.XLOOKUP(H24,[2]Dropdown!B:B,[2]Dropdown!C:C) -> בריאות וטיפולים | J24: ל-ו 2 | M24: הראל | P24: גז/נפט | Q24: =SUMIFS($G:$G,$H:$H,$P24,$F:$F,"") -> 0 | R24: =SUMIFS($G:$G,$H:$H,$P24,$F:$F,TEXT(R$5,"00") & "." & TEXT($A$1,"00")) -> 0 | S24: =SUMIFS($G:$G,$H:$H,$P24,$F:$F,TEXT(S$5,"00") & "." & TEXT($A$1,"00")) -> 0 | T24: =SUMIFS($G:$G,$H:$H,$P24,$F:$F,TEXT(T$5,"00") & "." & TEXT($A$1,"00")) -> 0 | U24: =SUMIFS($G:$G,$H:$H,$P24,$F:$F,TEXT(U$5,"00") & "." & TEXT($A$1,"00")) -> 0 | V24: =SUMIFS($G:$G,$H:$H,$P24,$F:$F,TEXT(V$5,"00") & "." & TEXT($A$1,"00")) -> 0 | W24: =SUMIFS($G:$G,$H:$H,$P24,$F:$F,TEXT(W$5,"00") & "." & TEXT($A$1,"00")) -> 0 | X24: =SUMIFS($G:$G,$H:$H,$P24,$F:$F,TEXT(X$5,"00") & "." & TEXT($A$1,"00")) -> 0 | Y24: =SUMIFS($G:$G,$H:$H,$P24,$F:$F,TEXT(Y$5,"00") & "." & TEXT($A$1,"00")) -> 0 | ... AV24: =SUMIFS($G:$G,$H:$H,$P24,$F:$F,TEXT(AV$5,"00") & "." & TEXT($A$1,"00")) -> 0 | AW24: =SUM(Q24:AV24) -> 0
A25: אחרות | B25: אחרות | D25: 2280 | G25: 279.37 | H25: ביטוח בריאות פרטי | I25: =_xlfn.XLOOKUP(H25,[2]Dropdown!B:B,[2]Dropdown!C:C) -> בריאות וטיפולים | J25: ל-ו 2 | M25: הראל | P25: טלפון (נייח) | Q25: =SUMIFS($G:$G,$H:$H,$P25,$F:$F,"") -> 0 | R25: =SUMIFS($G:$G,$H:$H,$P25,$F:$F,TEXT(R$5,"00") & "." & TEXT($A$1,"00")) -> 0 | S25: =SUMIFS($G:$G,$H:$H,$P25,$F:$F,TEXT(S$5,"00") & "." & TEXT($A$1,"00")) -> 0 | T25: =SUMIFS($G:$G,$H:$H,$P25,$F:$F,TEXT(T$5,"00") & "." & TEXT($A$1,"00")) -> 0 | U25: =SUMIFS($G:$G,$H:$H,$P25,$F:$F,TEXT(U$5,"00") & "." & TEXT($A$1,"00")) -> 0 | V25: =SUMIFS($G:$G,$H:$H,$P25,$F:$F,TEXT(V$5,"00") & "." & TEXT($A$1,"00")) -> 0 | W25: =SUMIFS($G:$G,$H:$H,$P25,$F:$F,TEXT(W$5,"00") & "." & TEXT($A$1,"00")) -> 0 | X25: =SUMIFS($G:$G,$H:$H,$P25,$F:$F,TEXT(X$5,"00") & "." & TEXT($A$1,"00")) -> 0 | Y25: =SUMIFS($G:$G,$H:$H,$P25,$F:$F,TEXT(Y$5,"00") & "." & TEXT($A$1,"00")) -> 0 | ... AV25: =SUMIFS($G:$G,$H:$H,$P25,$F:$F,TEXT(AV$5,"00") & "." & TEXT($A$1,"00")) -> 0 | AW25: =SUM(Q25:AV25) -> 0
A26: סך הכנסות | C26: 31553.26 | D26: 45011 | G26: 276.68 | H26: קופ"ח + משלים | I26: =_xlfn.XLOOKUP(H26,[2]Dropdown!B:B,[2]Dropdown!C:C) -> בריאות וטיפולים | J26: ל-ו 2 | M26: כללית | P26: טלפונים ניידים | Q26: =SUMIFS($G:$G,$H:$H,$P26,$F:$F,"") -> 122.4 | R26: =SUMIFS($G:$G,$H:$H,$P26,$F:$F,TEXT(R$5,"00") & "." & TEXT($A$1,"00")) -> 0 | S26: =SUMIFS($G:$G,$H:$H,$P26,$F:$F,TEXT(S$5,"00") & "." & TEXT($A$1,"00")) -> 0 | T26: =SUMIFS($G:$G,$H:$H,$P26,$F:$F,TEXT(T$5,"00") & "." & TEXT($A$1,"00")) -> 0 | U26: =SUMIFS($G:$G,$H:$H,$P26,$F:$F,TEXT(U$5,"00") & "." & TEXT($A$1,"00")) -> 0 | V26: =SUMIFS($G:$G,$H:$H,$P26,$F:$F,TEXT(V$5,"00") & "." & TEXT($A$1,"00")) -> 0 | W26: =SUMIFS($G:$G,$H:$H,$P26,$F:$F,TEXT(W$5,"00") & "." & TEXT($A$1,"00")) -> 0 | X26: =SUMIFS($G:$G,$H:$H,$P26,$F:$F,TEXT(X$5,"00") & "." & TEXT($A$1,"00")) -> 0 | Y26: =SUMIFS($G:$G,$H:$H,$P26,$F:$F,TEXT(Y$5,"00") & "." & TEXT($A$1,"00")) -> 0 | ... AV26: =SUMIFS($G:$G,$H:$H,$P26,$F:$F,TEXT(AV$5,"00") & "." & TEXT($A$1,"00")) -> 0 | AW26: =SUM(Q26:AV26) -> 122.4
G27: 191.94 | H27: ביטוח בריאות פרטי | I27: =_xlfn.XLOOKUP(H27,[2]Dropdown!B:B,[2]Dropdown!C:C) -> בריאות וטיפולים | J27: י-ק 2 | P27: ביוב | Q27: =SUMIFS($G:$G,$H:$H,$P27,$F:$F,"") -> 0 | R27: =SUMIFS($G:$G,$H:$H,$P27,$F:$F,TEXT(R$5,"00") & "." & TEXT($A$1,"00")) -> 0 | S27: =SUMIFS($G:$G,$H:$H,$P27,$F:$F,TEXT(S$5,"00") & "." & TEXT($A$1,"00")) -> 0 | T27: =SUMIFS($G:$G,$H:$H,$P27,$F:$F,TEXT(T$5,"00") & "." & TEXT($A$1,"00")) -> 0 | U27: =SUMIFS($G:$G,$H:$H,$P27,$F:$F,TEXT(U$5,"00") & "." & TEXT($A$1,"00")) -> 0 | V27: =SUMIFS($G:$G,$H:$H,$P27,$F:$F,TEXT(V$5,"00") & "." & TEXT($A$1,"00")) -> 0 | W27: =SUMIFS($G:$G,$H:$H,$P27,$F:$F,TEXT(W$5,"00") & "." & TEXT($A$1,"00")) -> 0 | X27: =SUMIFS($G:$G,$H:$H,$P27,$F:$F,TEXT(X$5,"00") & "." & TEXT($A$1,"00")) -> 0 | Y27: =SUMIFS($G:$G,$H:$H,$P27,$F:$F,TEXT(Y$5,"00") & "." & TEXT($A$1,"00")) -> 0 | ... AV27: =SUMIFS($G:$G,$H:$H,$P27,$F:$F,TEXT(AV$5,"00") & "." & TEXT($A$1,"00")) -> 0 | AW27: =SUM(Q27:AV27) -> 0
A28: מצב חשבון | B28: יתרה חודש קודם | C28: -32401.73 | D28: 154.26 | G28: 274.9 | H28: ביטוחי חיים (ריסק) | I28: =_xlfn.XLOOKUP(H28,[2]Dropdown!B:B,[2]Dropdown!C:C) -> ביטוחים ופיננסים | J28: י-ק 2 | P28: כבלים | Q28: =SUMIFS($G:$G,$H:$H,$P28,$F:$F,"") -> 167.87 | R28: =SUMIFS($G:$G,$H:$H,$P28,$F:$F,TEXT(R$5,"00") & "." & TEXT($A$1,"00")) -> 0 | S28: =SUMIFS($G:$G,$H:$H,$P28,$F:$F,TEXT(S$5,"00") & "." & TEXT($A$1,"00")) -> 0 | T28: =SUMIFS($G:$G,$H:$H,$P28,$F:$F,TEXT(T$5,"00") & "." & TEXT($A$1,"00")) -> 0 | U28: =SUMIFS($G:$G,$H:$H,$P28,$F:$F,TEXT(U$5,"00") & "." & TEXT($A$1,"00")) -> 0 | V28: =SUMIFS($G:$G,$H:$H,$P28,$F:$F,TEXT(V$5,"00") & "." & TEXT($A$1,"00")) -> 0 | W28: =SUMIFS($G:$G,$H:$H,$P28,$F:$F,TEXT(W$5,"00") & "." & TEXT($A$1,"00")) -> 0 | X28: =SUMIFS($G:$G,$H:$H,$P28,$F:$F,TEXT(X$5,"00") & "." & TEXT($A$1,"00")) -> 0 | Y28: =SUMIFS($G:$G,$H:$H,$P28,$F:$F,TEXT(Y$5,"00") & "." & TEXT($A$1,"00")) -> 0 | ... AV28: =SUMIFS($G:$G,$H:$H,$P28,$F:$F,TEXT(AV$5,"00") & "." & TEXT($A$1,"00")) -> 0 | AW28: =SUM(Q28:AV28) -> 167.87
B29: מצב עדכני | C29: -34248.61 | D29: 6283.91 | G29: 521.98 | H29: ביטוחי חיים (ריסק) | I29: =_xlfn.XLOOKUP(H29,[2]Dropdown!B:B,[2]Dropdown!C:C) -> ביטוחים ופיננסים | J29: ל-ו 2 | M29: הראל | P29: אינטרנט | Q29: =SUMIFS($G:$G,$H:$H,$P29,$F:$F,"") -> 95 | R29: =SUMIFS($G:$G,$H:$H,$P29,$F:$F,TEXT(R$5,"00") & "." & TEXT($A$1,"00")) -> 0 | S29: =SUMIFS($G:$G,$H:$H,$P29,$F:$F,TEXT(S$5,"00") & "." & TEXT($A$1,"00")) -> 0 | T29: =SUMIFS($G:$G,$H:$H,$P29,$F:$F,TEXT(T$5,"00") & "." & TEXT($A$1,"00")) -> 0 | U29: =SUMIFS($G:$G,$H:$H,$P29,$F:$F,TEXT(U$5,"00") & "." & TEXT($A$1,"00")) -> 0 | V29: =SUMIFS($G:$G,$H:$H,$P29,$F:$F,TEXT(V$5,"00") & "." & TEXT($A$1,"00")) -> 0 | W29: =SUMIFS($G:$G,$H:$H,$P29,$F:$F,TEXT(W$5,"00") & "." & TEXT($A$1,"00")) -> 0 | X29: =SUMIFS($G:$G,$H:$H,$P29,$F:$F,TEXT(X$5,"00") & "." & TEXT($A$1,"00")) -> 0 | Y29: =SUMIFS($G:$G,$H:$H,$P29,$F:$F,TEXT(Y$5,"00") & "." & TEXT($A$1,"00")) -> 0 | ... AV29: =SUMIFS($G:$G,$H:$H,$P29,$F:$F,TEXT(AV$5,"00") & "." & TEXT($A$1,"00")) -> 0 | AW29: =SUM(Q29:AV29) -> 95
A30: אשראי | B30: יתרת אשראי | C30: 751.39 | D30: 16283.91 | G30: 71.55 | H30: ביטוחי חיים (ריסק) | I30: =_xlfn.XLOOKUP(H30,[2]Dropdown!B:B,[2]Dropdown!C:C) -> ביטוחים ופיננסים | J30: ל-ו 2 | M30: הראל | P30: ועד בית/ישוב | Q30: =SUMIFS($G:$G,$H:$H,$P30,$F:$F,"") -> 1760.4 | R30: =SUMIFS($G:$G,$H:$H,$P30,$F:$F,TEXT(R$5,"00") & "." & TEXT($A$1,"00")) -> 0 | S30: =SUMIFS($G:$G,$H:$H,$P30,$F:$F,TEXT(S$5,"00") & "." & TEXT($A$1,"00")) -> 0 | T30: =SUMIFS($G:$G,$H:$H,$P30,$F:$F,TEXT(T$5,"00") & "." & TEXT($A$1,"00")) -> 0 | U30: =SUMIFS($G:$G,$H:$H,$P30,$F:$F,TEXT(U$5,"00") & "." & TEXT($A$1,"00")) -> 0 | V30: =SUMIFS($G:$G,$H:$H,$P30,$F:$F,TEXT(V$5,"00") & "." & TEXT($A$1,"00")) -> 0 | W30: =SUMIFS($G:$G,$H:$H,$P30,$F:$F,TEXT(W$5,"00") & "." & TEXT($A$1,"00")) -> 0 | X30: =SUMIFS($G:$G,$H:$H,$P30,$F:$F,TEXT(X$5,"00") & "." & TEXT($A$1,"00")) -> 0 | Y30: =SUMIFS($G:$G,$H:$H,$P30,$F:$F,TEXT(Y$5,"00") & "." & TEXT($A$1,"00")) -> 0 | ... AV30: =SUMIFS($G:$G,$H:$H,$P30,$F:$F,TEXT(AV$5,"00") & "." & TEXT($A$1,"00")) -> 0 | AW30: =SUM(Q30:AV30) -> 1760.4
A31: יתרה | B31: רווח/הפסד | C31: -2047.18 | D31: 6129.65 | G31: 127.47 | H31: ביטוחי חיים (ריסק) | I31: =_xlfn.XLOOKUP(H31,[2]Dropdown!B:B,[2]Dropdown!C:C) -> ביטוחים ופיננסים | J31: ל-ו 2 | M31: הראל | P31: עוזרת בית | Q31: =SUMIFS($G:$G,$H:$H,$P31,$F:$F,"") -> 454.3 | R31: =SUMIFS($G:$G,$H:$H,$P31,$F:$F,TEXT(R$5,"00") & "." & TEXT($A$1,"00")) -> 0 | S31: =SUMIFS($G:$G,$H:$H,$P31,$F:$F,TEXT(S$5,"00") & "." & TEXT($A$1,"00")) -> 0 | T31: =SUMIFS($G:$G,$H:$H,$P31,$F:$F,TEXT(T$5,"00") & "." & TEXT($A$1,"00")) -> 0 | U31: =SUMIFS($G:$G,$H:$H,$P31,$F:$F,TEXT(U$5,"00") & "." & TEXT($A$1,"00")) -> 0 | V31: =SUMIFS($G:$G,$H:$H,$P31,$F:$F,TEXT(V$5,"00") & "." & TEXT($A$1,"00")) -> 0 | W31: =SUMIFS($G:$G,$H:$H,$P31,$F:$F,TEXT(W$5,"00") & "." & TEXT($A$1,"00")) -> 0 | X31: =SUMIFS($G:$G,$H:$H,$P31,$F:$F,TEXT(X$5,"00") & "." & TEXT($A$1,"00")) -> 0 | Y31: =SUMIFS($G:$G,$H:$H,$P31,$F:$F,TEXT(Y$5,"00") & "." & TEXT($A$1,"00")) -> 0 | ... AV31: =SUMIFS($G:$G,$H:$H,$P31,$F:$F,TEXT(AV$5,"00") & "." & TEXT($A$1,"00")) -> 0 | AW31: =SUM(Q31:AV31) -> 454.3
B32: יתרה חודשית | C32: -1846.88 | D32: 6129.65 | G32: 98.53 | H32: ביטוחי חיים (ריסק) | I32: =_xlfn.XLOOKUP(H32,[2]Dropdown!B:B,[2]Dropdown!C:C) -> ביטוחים ופיננסים | J32: ל-ו 2 | M32: הראל | P32: גינון | Q32: =SUMIFS($G:$G,$H:$H,$P32,$F:$F,"") -> 0 | R32: =SUMIFS($G:$G,$H:$H,$P32,$F:$F,TEXT(R$5,"00") & "." & TEXT($A$1,"00")) -> 0 | S32: =SUMIFS($G:$G,$H:$H,$P32,$F:$F,TEXT(S$5,"00") & "." & TEXT($A$1,"00")) -> 0 | T32: =SUMIFS($G:$G,$H:$H,$P32,$F:$F,TEXT(T$5,"00") & "." & TEXT($A$1,"00")) -> 0 | U32: =SUMIFS($G:$G,$H:$H,$P32,$F:$F,TEXT(U$5,"00") & "." & TEXT($A$1,"00")) -> 0 | V32: =SUMIFS($G:$G,$H:$H,$P32,$F:$F,TEXT(V$5,"00") & "." & TEXT($A$1,"00")) -> 0 | W32: =SUMIFS($G:$G,$H:$H,$P32,$F:$F,TEXT(W$5,"00") & "." & TEXT($A$1,"00")) -> 0 | X32: =SUMIFS($G:$G,$H:$H,$P32,$F:$F,TEXT(X$5,"00") & "." & TEXT($A$1,"00")) -> 0 | Y32: =SUMIFS($G:$G,$H:$H,$P32,$F:$F,TEXT(Y$5,"00") & "." & TEXT($A$1,"00")) -> 0 | ... AV32: =SUMIFS($G:$G,$H:$H,$P32,$F:$F,TEXT(AV$5,"00") & "." & TEXT($A$1,"00")) -> 0 | AW32: =SUM(Q32:AV32) -> 0
G33: 4000 | H33: תוכניות חסכון | I33: =_xlfn.XLOOKUP(H33,[2]Dropdown!B:B,[2]Dropdown!C:C) -> ביטוחים ופיננסים | J33: חש-ד | P33: ביטוח דירה | Q33: =SUMIFS($G:$G,$H:$H,$P33,$F:$F,"") -> 100 | R33: =SUMIFS($G:$G,$H:$H,$P33,$F:$F,TEXT(R$5,"00") & "." & TEXT($A$1,"00")) -> 0 | S33: =SUMIFS($G:$G,$H:$H,$P33,$F:$F,TEXT(S$5,"00") & "." & TEXT($A$1,"00")) -> 0 | T33: =SUMIFS($G:$G,$H:$H,$P33,$F:$F,TEXT(T$5,"00") & "." & TEXT($A$1,"00")) -> 0 | U33: =SUMIFS($G:$G,$H:$H,$P33,$F:$F,TEXT(U$5,"00") & "." & TEXT($A$1,"00")) -> 0 | V33: =SUMIFS($G:$G,$H:$H,$P33,$F:$F,TEXT(V$5,"00") & "." & TEXT($A$1,"00")) -> 0 | W33: =SUMIFS($G:$G,$H:$H,$P33,$F:$F,TEXT(W$5,"00") & "." & TEXT($A$1,"00")) -> 0 | X33: =SUMIFS($G:$G,$H:$H,$P33,$F:$F,TEXT(X$5,"00") & "." & TEXT($A$1,"00")) -> 0 | Y33: =SUMIFS($G:$G,$H:$H,$P33,$F:$F,TEXT(Y$5,"00") & "." & TEXT($A$1,"00")) -> 0 | ... AV33: =SUMIFS($G:$G,$H:$H,$P33,$F:$F,TEXT(AV$5,"00") & "." & TEXT($A$1,"00")) -> 0 | AW33: =SUM(Q33:AV33) -> 100
C34: החזר חודשי | D34: יתרה | G34: =454.3 -> 454.3 | H34: עוזרת בית | I34: =_xlfn.XLOOKUP(H34,[2]Dropdown!B:B,[2]Dropdown!C:C) -> תחזוקת דירה ותקשורת | J34: חש-ד | P34: רכישות לבית | Q34: =SUMIFS($G:$G,$H:$H,$P34,$F:$F,"") -> 0 | R34: =SUMIFS($G:$G,$H:$H,$P34,$F:$F,TEXT(R$5,"00") & "." & TEXT($A$1,"00")) -> 0 | S34: =SUMIFS($G:$G,$H:$H,$P34,$F:$F,TEXT(S$5,"00") & "." & TEXT($A$1,"00")) -> 0 | T34: =SUMIFS($G:$G,$H:$H,$P34,$F:$F,TEXT(T$5,"00") & "." & TEXT($A$1,"00")) -> 0 | U34: =SUMIFS($G:$G,$H:$H,$P34,$F:$F,TEXT(U$5,"00") & "." & TEXT($A$1,"00")) -> 0 | V34: =SUMIFS($G:$G,$H:$H,$P34,$F:$F,TEXT(V$5,"00") & "." & TEXT($A$1,"00")) -> 0 | W34: =SUMIFS($G:$G,$H:$H,$P34,$F:$F,TEXT(W$5,"00") & "." & TEXT($A$1,"00")) -> 0 | X34: =SUMIFS($G:$G,$H:$H,$P34,$F:$F,TEXT(X$5,"00") & "." & TEXT($A$1,"00")) -> 0 | Y34: =SUMIFS($G:$G,$H:$H,$P34,$F:$F,TEXT(Y$5,"00") & "." & TEXT($A$1,"00")) -> 0 | ... AV34: =SUMIFS($G:$G,$H:$H,$P34,$F:$F,TEXT(AV$5,"00") & "." & TEXT($A$1,"00")) -> 0 | AW34: =SUM(Q34:AV34) -> 0
A35: הלוואות | B35: אדי ויידה | D35: 58550 | G35: =12000+2000 -> 14000 | H35: משכורת | I35: =_xlfn.XLOOKUP(H35,[2]Dropdown!B:B,[2]Dropdown!C:C) -> עסק | J35: חש-ל | P35: אחזקת בית ותיקונים | Q35: =SUMIFS($G:$G,$H:$H,$P35,$F:$F,"") -> 0 | R35: =SUMIFS($G:$G,$H:$H,$P35,$F:$F,TEXT(R$5,"00") & "." & TEXT($A$1,"00")) -> 0 | S35: =SUMIFS($G:$G,$H:$H,$P35,$F:$F,TEXT(S$5,"00") & "." & TEXT($A$1,"00")) -> 0 | T35: =SUMIFS($G:$G,$H:$H,$P35,$F:$F,TEXT(T$5,"00") & "." & TEXT($A$1,"00")) -> 0 | U35: =SUMIFS($G:$G,$H:$H,$P35,$F:$F,TEXT(U$5,"00") & "." & TEXT($A$1,"00")) -> 0 | V35: =SUMIFS($G:$G,$H:$H,$P35,$F:$F,TEXT(V$5,"00") & "." & TEXT($A$1,"00")) -> 0 | W35: =SUMIFS($G:$G,$H:$H,$P35,$F:$F,TEXT(W$5,"00") & "." & TEXT($A$1,"00")) -> 0 | X35: =SUMIFS($G:$G,$H:$H,$P35,$F:$F,TEXT(X$5,"00") & "." & TEXT($A$1,"00")) -> 0 | Y35: =SUMIFS($G:$G,$H:$H,$P35,$F:$F,TEXT(Y$5,"00") & "." & TEXT($A$1,"00")) -> 0 | ... AV35: =SUMIFS($G:$G,$H:$H,$P35,$F:$F,TEXT(AV$5,"00") & "." & TEXT($A$1,"00")) -> 0 | AW35: =SUM(Q35:AV35) -> 0
B36: סבא | D36: 136176 | G36: 3217.61 | H36: פנסיה | I36: =_xlfn.XLOOKUP(H36,[2]Dropdown!B:B,[2]Dropdown!C:C) -> עסק | J36: חש-ל | P36: מנויים דיגטליים | Q36: =SUMIFS($G:$G,$H:$H,$P36,$F:$F,"") -> 0 | R36: =SUMIFS($G:$G,$H:$H,$P36,$F:$F,TEXT(R$5,"00") & "." & TEXT($A$1,"00")) -> 0 | S36: =SUMIFS($G:$G,$H:$H,$P36,$F:$F,TEXT(S$5,"00") & "." & TEXT($A$1,"00")) -> 0 | T36: =SUMIFS($G:$G,$H:$H,$P36,$F:$F,TEXT(T$5,"00") & "." & TEXT($A$1,"00")) -> 0 | U36: =SUMIFS($G:$G,$H:$H,$P36,$F:$F,TEXT(U$5,"00") & "." & TEXT($A$1,"00")) -> 0 | V36: =SUMIFS($G:$G,$H:$H,$P36,$F:$F,TEXT(V$5,"00") & "." & TEXT($A$1,"00")) -> 0 | W36: =SUMIFS($G:$G,$H:$H,$P36,$F:$F,TEXT(W$5,"00") & "." & TEXT($A$1,"00")) -> 0 | X36: =SUMIFS($G:$G,$H:$H,$P36,$F:$F,TEXT(X$5,"00") & "." & TEXT($A$1,"00")) -> 0 | Y36: =SUMIFS($G:$G,$H:$H,$P36,$F:$F,TEXT(Y$5,"00") & "." & TEXT($A$1,"00")) -> 0 | ... AV36: =SUMIFS($G:$G,$H:$H,$P36,$F:$F,TEXT(AV$5,"00") & "." & TEXT($A$1,"00")) -> 0 | AW36: =SUM(Q36:AV36) -> 0
G37: 11306 | H37: מע"מ | I37: =_xlfn.XLOOKUP(H37,[2]Dropdown!B:B,[2]Dropdown!C:C) -> עסק | J37: ל-פ 2 | P37: בנייה | Q37: =SUMIFS($G:$G,$H:$H,$P37,$F:$F,"") -> 2360 | R37: =SUMIFS($G:$G,$H:$H,$P37,$F:$F,TEXT(R$5,"00") & "." & TEXT($A$1,"00")) -> 0 | S37: =SUMIFS($G:$G,$H:$H,$P37,$F:$F,TEXT(S$5,"00") & "." & TEXT($A$1,"00")) -> 0 | T37: =SUMIFS($G:$G,$H:$H,$P37,$F:$F,TEXT(T$5,"00") & "." & TEXT($A$1,"00")) -> 0 | U37: =SUMIFS($G:$G,$H:$H,$P37,$F:$F,TEXT(U$5,"00") & "." & TEXT($A$1,"00")) -> 0 | V37: =SUMIFS($G:$G,$H:$H,$P37,$F:$F,TEXT(V$5,"00") & "." & TEXT($A$1,"00")) -> 0 | W37: =SUMIFS($G:$G,$H:$H,$P37,$F:$F,TEXT(W$5,"00") & "." & TEXT($A$1,"00")) -> 0 | X37: =SUMIFS($G:$G,$H:$H,$P37,$F:$F,TEXT(X$5,"00") & "." & TEXT($A$1,"00")) -> 0 | Y37: =SUMIFS($G:$G,$H:$H,$P37,$F:$F,TEXT(Y$5,"00") & "." & TEXT($A$1,"00")) -> 0 | ... AV37: =SUMIFS($G:$G,$H:$H,$P37,$F:$F,TEXT(AV$5,"00") & "." & TEXT($A$1,"00")) -> 0 | AW37: =SUM(Q37:AV37) -> 2360
G38: 5534 | H38: מס הכנסה | I38: =_xlfn.XLOOKUP(H38,[2]Dropdown!B:B,[2]Dropdown!C:C) -> עסק | J38: ל-פ 2
C39: 0 | D39: 194726 | G39: 4794 | H39: ביטוח לאומי | I39: =_xlfn.XLOOKUP(H39,[2]Dropdown!B:B,[2]Dropdown!C:C) -> עסק | J39: ל-פ 2
G40: 600 | H40: רו"ח | I40: =_xlfn.XLOOKUP(H40,[2]Dropdown!B:B,[2]Dropdown!C:C) -> עסק | J40: חש-ל
A41: ריכוז נתונים | C41: הוצאות צפויות | G41: 1710 | H41: קרן השתלמות | I41: =_xlfn.XLOOKUP(H41,[2]Dropdown!B:B,[2]Dropdown!C:C) -> עסק | J41: חש-ל
A42: בלת"מ | B42: 0 | C42: קבועות | D42: 7000 | G42: 43.9 | H42: מנויים | I42: =_xlfn.XLOOKUP(H42,[2]Dropdown!B:B,[2]Dropdown!C:C) -> מזון וקניות | J42: י-ק 2 | M42: Spotify
A43: תשלומים | B43: 6282.86 | C43: טסט יונדאי | D43: 1000 | G43: 66.62 | H43: מנויים | I43: =_xlfn.XLOOKUP(H43,[2]Dropdown!B:B,[2]Dropdown!C:C) -> מזון וקניות | J43: ל-פ 1 | M43: ChatCPT
A44: החזר הלוואות | B44: 0 | G44: 600 | H44: חוגים וקייטנות | I44: =_xlfn.XLOOKUP(H44,[2]Dropdown!B:B,[2]Dropdown!C:C) -> ילדים וחינוך | J44: ל-ו 2 | M44: קרקע בנות
A45: פקדון | B45: -200.3 | G45: 700 | H45: חוגים וקייטנות | I45: =_xlfn.XLOOKUP(H45,[2]Dropdown!B:B,[2]Dropdown!C:C) -> ילדים וחינוך | J45: ל-ו 2 | M45: ריקוד ליה
D46: 8000 | G46: 450 | H46: חוגים וקייטנות | I46: =_xlfn.XLOOKUP(H46,[2]Dropdown!B:B,[2]Dropdown!C:C) -> ילדים וחינוך | J46: ל-ו 2 | M46: ריקוד יעל
G47: =390+150 -> 540 | H47: חוגים וקייטנות | I47: =_xlfn.XLOOKUP(H47,[2]Dropdown!B:B,[2]Dropdown!C:C) -> ילדים וחינוך | J47: ל-ו 1 | M47: אופנה
G48: 280 | H48: חוגים וקייטנות | I48: =_xlfn.XLOOKUP(H48,[2]Dropdown!B:B,[2]Dropdown!C:C) -> ילדים וחינוך | J48: ל-ו 1 | M48: יצירה
F49: תשלומים חודשיים ותשלומים קבועים שנתיים
G50: 587.72 | H50: חוגים וקייטנות | I50: =_xlfn.XLOOKUP(H50,[2]Dropdown!B:B,[2]Dropdown!C:C) -> ילדים וחינוך | J50: ל-ו 1 | K50: 8 | M50: משחק
G51: 1138.8 | H51: מכשירים | I51: =_xlfn.XLOOKUP(H51,[2]Dropdown!B:B,[2]Dropdown!C:C) -> מזון וקניות | J51: ל-ו 2 | K51: 4 | L51: 12.03.26 | M51: מחשב
G52: 567 | H52: מכשירים | I52: =_xlfn.XLOOKUP(H52,[2]Dropdown!B:B,[2]Dropdown!C:C) -> מזון וקניות | J52: ל-ו 2 | K52: 2 | L52: 13.01.26 | M52: איי רובוט
G53: 425 | H53: חוגים וקייטנות | I53: =_xlfn.XLOOKUP(H53,[2]Dropdown!B:B,[2]Dropdown!C:C) -> ילדים וחינוך | J53: ל-ו 2 | K53: 1 | L53: 17.12.25 | M53: שמו"צ
G54: 616.34 | H54: מכשירים | I54: =_xlfn.XLOOKUP(H54,[2]Dropdown!B:B,[2]Dropdown!C:C) -> מזון וקניות | J54: ל-ו 2 | K54: 2 | L54: 18.01.26 | M54: מייבש
G55: 588 | H55: טיפולים ותיקונים | I55: =_xlfn.XLOOKUP(H55,[2]Dropdown!B:B,[2]Dropdown!C:C) -> רכב ונסיעות | J55: ל-פ 2 | K55: 1 | L55: 19.12.25 | M55: תיקון רכב
G56: 2360 | H56: בנייה | I56: =_xlfn.XLOOKUP(H56,[2]Dropdown!B:B,[2]Dropdown!C:C) -> תחזוקת דירה ותקשורת | J56: ל-פ 2 | K56: 3 | L56: 29.02.26 | M56: ליאב
F57: שוטף
F58: 01.11 | G58: 90 | H58: אוכל לילי | I58: =_xlfn.XLOOKUP(H58,[2]Dropdown!B:B,[2]Dropdown!C:C) -> תרבות ופנאי | J58: ל-ו 1
F59: 01.11 | G59: 10 | H59: אוכל לילי | I59: =_xlfn.XLOOKUP(H59,[2]Dropdown!B:B,[2]Dropdown!C:C) -> תרבות ופנאי | J59: ל-ו 1
F60: 02.11 | G60: 14.56 | H60: מזון וטואלטיקה | I60: =_xlfn.XLOOKUP(H60,[2]Dropdown!B:B,[2]Dropdown!C:C) -> מזון וקניות | J60: י-ק 1
F61: 03.11 | G61: 46.8 | H61: מזון וטואלטיקה | I61: =_xlfn.XLOOKUP(H61,[2]Dropdown!B:B,[2]Dropdown!C:C) -> מזון וקניות | J61: ל-ו 1
F62: 03.11 | G62: 17 | H62: אוכל לילי | I62: =_xlfn.XLOOKUP(H62,[2]Dropdown!B:B,[2]Dropdown!C:C) -> תרבות ופנאי | J62: ל-ו 1
F63: 03.11 | G63: 93 | H63: מזון וטואלטיקה | I63: =_xlfn.XLOOKUP(H63,[2]Dropdown!B:B,[2]Dropdown!C:C) -> מזון וקניות | J63: ל-ו 1
A64: קטגוריה | B64: מנוצל | C64: רצוי | D64: נשאר | E64: חריגה | F64: 03.11 | G64: 76 | H64: חוגים וקייטנות | I64: =_xlfn.XLOOKUP(H64,[2]Dropdown!B:B,[2]Dropdown!C:C) -> ילדים וחינוך | J64: ל-ו 1
A65: תחזוקת דירה ותקשורת | B65: 11367.9 | C65: 9547 | D65: 0 | E65: =IF(C65-B65<0,(C65-B65)*-1,0) -> 1820.9 | F65: 04.11 | G65: 737.71 | H65: מזון וטואלטיקה | I65: =_xlfn.XLOOKUP(H65,[2]Dropdown!B:B,[2]Dropdown!C:C) -> מזון וקניות | J65: ל-ו 1
A66: מזון וקניות | B66: 14049.06 | C66: 8000 | D66: 0 | E66: =IF(C66-B66<0,(C66-B66)*-1,0) -> 6049.06 | F66: 04.11 | G66: 123.52 | H66: מזון וטואלטיקה | I66: =_xlfn.XLOOKUP(H66,[2]Dropdown!B:B,[2]Dropdown!C:C) -> מזון וקניות | J66: ל-ו 1
A67: רכב ונסיעות | B67: 1909.6 | C67: 3240 | D67: 1330.4 | E67: =IF(C67-B67<0,(C67-B67)*-1,0) -> 0 | F67: 04.11 | G67: 15 | H67: אוכל לילי | I67: =_xlfn.XLOOKUP(H67,[2]Dropdown!B:B,[2]Dropdown!C:C) -> תרבות ופנאי | J67: ל-ו 1
A68: ילדים וחינוך | B68: 4379.3867 | C68: 6750 | D68: 2370.6133 | E68: =IF(C68-B68<0,(C68-B68)*-1,0) -> 0 | F68: 05.11 | G68: -3831 | H68: מס הכנסה | I68: =_xlfn.XLOOKUP(H68,[2]Dropdown!B:B,[2]Dropdown!C:C) -> עסק | J68: חש-ל | M68: החזר 2024
A69: תרבות ופנאי | B69: 1683.5 | C69: 2600 | D69: 916.5 | E69: =IF(C69-B69<0,(C69-B69)*-1,0) -> 0 | F69: 05.11 | G69: 27 | H69: אוכל יניב | I69: =_xlfn.XLOOKUP(H69,[2]Dropdown!B:B,[2]Dropdown!C:C) -> תרבות ופנאי | J69: י-ק 1
A70: בריאות וטיפולים | B70: 1173.42 | C70: 980 | D70: 0 | E70: =IF(C70-B70<0,(C70-B70)*-1,0) -> 193.42 | F70: 05.11 | G70: 329.83 | H70: קניות שונות | I70: =_xlfn.XLOOKUP(H70,[2]Dropdown!B:B,[2]Dropdown!C:C) -> מזון וקניות | J70: ל-פ 1
A71: ביטוחים ופיננסים | B71: 4331.92 | C71: 3830 | D71: 0 | E71: =IF(C71-B71<0,(C71-B71)*-1,0) -> 501.92 | F71: 06.11 | G71: 539.79 | H71: מזון וטואלטיקה | I71: =_xlfn.XLOOKUP(H71,[2]Dropdown!B:B,[2]Dropdown!C:C) -> מזון וקניות | J71: ל-ו 1
F72: 06.11 | G72: 264.16 | H72: מזון וטואלטיקה | I72: =_xlfn.XLOOKUP(H72,[2]Dropdown!B:B,[2]Dropdown!C:C) -> מזון וקניות | J72: ל-ו 1
F73: 06.11 | G73: 150 | H73: שיעורים פרטיים | I73: =_xlfn.XLOOKUP(H73,[2]Dropdown!B:B,[2]Dropdown!C:C) -> ילדים וחינוך | J73: ל-ו 2
F74: 07.11 | G74: 207 | H74: טיפוח ויופי | I74: =_xlfn.XLOOKUP(H74,[2]Dropdown!B:B,[2]Dropdown!C:C) -> מזון וקניות | J74: ל-ו 1
F75: 07.11 | G75: 565.91 | H75: מזון וטואלטיקה | I75: =_xlfn.XLOOKUP(H75,[2]Dropdown!B:B,[2]Dropdown!C:C) -> מזון וקניות | J75: י-ק 1
F76: 07.11 | G76: 254.6 | H76: דלק | I76: =_xlfn.XLOOKUP(H76,[2]Dropdown!B:B,[2]Dropdown!C:C) -> רכב ונסיעות | J76: ל-פ 2
F77: 08.11 | G77: 67 | H77: חניה | I77: =_xlfn.XLOOKUP(H77,[2]Dropdown!B:B,[2]Dropdown!C:C) -> רכב ונסיעות | J77: ל-ו 1
F78: 08.11 | G78: 360 | H78: מסעדות ומשלוחים | I78: =_xlfn.XLOOKUP(H78,[2]Dropdown!B:B,[2]Dropdown!C:C) -> תרבות ופנאי | J78: ל-פ 1
F79: 08.11 | G79: 65 | H79: מסעדות ומשלוחים | I79: =_xlfn.XLOOKUP(H79,[2]Dropdown!B:B,[2]Dropdown!C:C) -> תרבות ופנאי | J79: ל-פ 1
F80: 10.11 | G80: 359.8 | H80: מזון וטואלטיקה | I80: =_xlfn.XLOOKUP(H80,[2]Dropdown!B:B,[2]Dropdown!C:C) -> מזון וקניות | J80: ל-פ 2
F81: 10.11 | G81: 1588 | H81: אגרות (כולל טסט) | I81: =_xlfn.XLOOKUP(H81,[2]Dropdown!B:B,[2]Dropdown!C:C) -> רכב ונסיעות | J81: ל-פ 2 | M81: טסט סוזוקי
F82: 10.11 | G82: 273.33 | H82: מזון וטואלטיקה | I82: =_xlfn.XLOOKUP(H82,[2]Dropdown!B:B,[2]Dropdown!C:C) -> מזון וקניות | J82: ל-ו 2
F83: 10.11 | G83: 105.65 | H83: מזון וטואלטיקה | I83: =_xlfn.XLOOKUP(H83,[2]Dropdown!B:B,[2]Dropdown!C:C) -> מזון וקניות | J83: ל-ו 2
F84: 10.11 | G84: 709.5 | H84: מזון וטואלטיקה | I84: =_xlfn.XLOOKUP(H84,[2]Dropdown!B:B,[2]Dropdown!C:C) -> מזון וקניות | J84: ל-ו 2
F85: 10.11 | G85: 13.8 | H85: מזון וטואלטיקה | I85: =_xlfn.XLOOKUP(H85,[2]Dropdown!B:B,[2]Dropdown!C:C) -> מזון וקניות | J85: י-ק 2
F86: 10.11 | G86: 37 | H86: מסעדות ומשלוחים | I86: =_xlfn.XLOOKUP(H86,[2]Dropdown!B:B,[2]Dropdown!C:C) -> תרבות ופנאי | J86: י-ק 2
F87: 11.11 | G87: 150 | H87: שיעורים פרטיים | I87: =_xlfn.XLOOKUP(H87,[2]Dropdown!B:B,[2]Dropdown!C:C) -> ילדים וחינוך | J87: ל-ו 2
F88: 12.11 | G88: 537.63 | H88: מזון וטואלטיקה | I88: =_xlfn.XLOOKUP(H88,[2]Dropdown!B:B,[2]Dropdown!C:C) -> מזון וקניות | J88: ל-ו 2
F89: 12.11 | G89: 75 | H89: אוכל יניב | I89: =_xlfn.XLOOKUP(H89,[2]Dropdown!B:B,[2]Dropdown!C:C) -> תרבות ופנאי | J89: י-ק 2
F90: 12.11 | G90: 37 | H90: מסעדות ומשלוחים | I90: =_xlfn.XLOOKUP(H90,[2]Dropdown!B:B,[2]Dropdown!C:C) -> תרבות ופנאי | J90: י-ק 2
F91: 12.11 | G91: 27 | H91: אוכל יניב | I91: =_xlfn.XLOOKUP(H91,[2]Dropdown!B:B,[2]Dropdown!C:C) -> תרבות ופנאי | J91: י-ק 2
F92: 12.11 | G92: 441.13 | H92: מכשירים | I92: =_xlfn.XLOOKUP(H92,[2]Dropdown!B:B,[2]Dropdown!C:C) -> מזון וקניות | J92: ל-פ 2
F93: 13.11 | G93: 7.76 | H93: מזון וטואלטיקה | I93: =_xlfn.XLOOKUP(H93,[2]Dropdown!B:B,[2]Dropdown!C:C) -> מזון וקניות | J93: ל-ו 2
... F168: 30.11 | G168: 335 | H168: חוגים וקייטנות | I168: =_xlfn.XLOOKUP(H168,[2]Dropdown!B:B,[2]Dropdown!C:C) -> ילדים וחינוך | J168: ל-ו 2
I169: =_xlfn.XLOOKUP(H169,[2]Dropdown!B:B,[2]Dropdown!C:C) -> 0
I170: =_xlfn.XLOOKUP(H170,[2]Dropdown!B:B,[2]Dropdown!C:C) -> 0
I171: =_xlfn.XLOOKUP(H171,[2]Dropdown!B:B,[2]Dropdown!C:C) -> 0
I172: =_xlfn.XLOOKUP(H172,[2]Dropdown!B:B,[2]Dropdown!C:C) -> 0
I173: =_xlfn.XLOOKUP(H173,[2]Dropdown!B:B,[2]Dropdown!C:C) -> 0
I174: =_xlfn.XLOOKUP(H174,[2]Dropdown!B:B,[2]Dropdown!C:C) -> 0
...

Sheet 1225
A1: 12 | B1: 11 | C1: דיסקונט | D1: לאומי | F1: תאריך | G1: סכום | H1: סוג הוצאה | I1: קטגוריה | J1: איך | K1: # | L1: סיום | N1: בלת"ם
A2: כרטיסי אשראי | B2: כ"א לאומי לילי | C2: 20378.03 | D2: 0 | F2: קבועות
B3: כ"א לאומי לילי חו"ל | C3: 1907 | G3: 10 | H3: עמלות | I3: =_xlfn.XLOOKUP(H3,[2]Dropdown!B:B,[2]Dropdown!C:C) -> ביטוחים ופיננסים | J3: חש-ל
B4: כ"א קאל יניב | C4: 4526.31 | D4: 28780.35 | G4: 371.4 | H4: ביוב | I4: =_xlfn.XLOOKUP(H4,[2]Dropdown!B:B,[2]Dropdown!C:C) -> תחזוקת דירה ותקשורת | J4: ל-ו 2
G5: 703.8 | H5: ארנונה | I5: =_xlfn.XLOOKUP(H5,[2]Dropdown!B:B,[2]Dropdown!C:C) -> תחזוקת דירה ותקשורת | J5: ל-ו 2 | Q5: קבוע | R5: 1 | S5: 2 | T5: 3 | U5: 4 | V5: 5 | W5: 6 | X5: 7 | Y5: 8 | Z5: 9 | AA5: 10 | AB5: 11 | AC5: 12 | AD5: 13 | AE5: 14 | AF5: 15 | AG5: 16 | AH5: 17 | AI5: 18 | AJ5: 19 | AK5: 20 | AL5: 21 | AM5: 22 | AN5: 23 | AO5: 24 | AP5: 25 | AQ5: 26 | AR5: 27 | AS5: 28 | AT5: 29 | AU5: 30 | AV5: 31 | AW5: סה"כ
G6: 1760.4 | H6: ועד בית/ישוב | I6: =_xlfn.XLOOKUP(H6,[2]Dropdown!B:B,[2]Dropdown!C:C) -> תחזוקת דירה ותקשורת | J6: העברה | P6: תחזוקת דירה ותקשורת | Q6: =SUMIFS($G:$G,$I:$I,$P6,$F:$F,"") -> 16265.52 | R6: =SUMIFS($G:$G,$I:$I,$P6,$F:$F, TEXT(R$5,"00") & "." & TEXT($A$1,"00")) -> 0 | S6: =SUMIFS($G:$G,$I:$I,$P6,$F:$F, TEXT(S$5,"00") & "." & TEXT($A$1,"00")) -> 0 | T6: =SUMIFS($G:$G,$I:$I,$P6,$F:$F, TEXT(T$5,"00") & "." & TEXT($A$1,"00")) -> 0 | U6: =SUMIFS($G:$G,$I:$I,$P6,$F:$F, TEXT(U$5,"00") & "." & TEXT($A$1,"00")) -> 405 | V6: =SUMIFS($G:$G,$I:$I,$P6,$F:$F, TEXT(V$5,"00") & "." & TEXT($A$1,"00")) -> 0 | W6: =SUMIFS($G:$G,$I:$I,$P6,$F:$F, TEXT(W$5,"00") & "." & TEXT($A$1,"00")) -> 0 | X6: =SUMIFS($G:$G,$I:$I,$P6,$F:$F, TEXT(X$5,"00") & "." & TEXT($A$1,"00")) -> 0 | Y6: =SUMIFS($G:$G,$I:$I,$P6,$F:$F, TEXT(Y$5,"00") & "." & TEXT($A$1,"00")) -> 0 | ... AV6: =SUMIFS($G:$G,$I:$I,$P6,$F:$F, TEXT(AV$5,"00") & "." & TEXT($A$1,"00")) -> 32175.76 | AW6: =SUM(Q6:AV6) -> 226896.28
A7: הלוואה | B7: הלוואה | C7: 0 | D7: 0 | G7: 0 | H7: טלפון (נייח) | I7: =_xlfn.XLOOKUP(H7,[2]Dropdown!B:B,[2]Dropdown!C:C) -> תחזוקת דירה ותקשורת | J7: העברה | P7: מזון וקניות | Q7: =SUMIFS($G:$G,$I:$I,$P7,$F:$F,"") -> 2673.77 | R7: =SUMIFS($G:$G,$I:$I,$P7,$F:$F, TEXT(R$5,"00") & "." & TEXT($A$1,"00")) -> 0 | S7: =SUMIFS($G:$G,$I:$I,$P7,$F:$F, TEXT(S$5,"00") & "." & TEXT($A$1,"00")) -> 750.66 | T7: =SUMIFS($G:$G,$I:$I,$P7,$F:$F, TEXT(T$5,"00") & "." & TEXT($A$1,"00")) -> -79.12 | U7: =SUMIFS($G:$G,$I:$I,$P7,$F:$F, TEXT(U$5,"00") & "." & TEXT($A$1,"00")) -> 148 | V7: =SUMIFS($G:$G,$I:$I,$P7,$F:$F, TEXT(V$5,"00") & "." & TEXT($A$1,"00")) -> 735.53 | W7: =SUMIFS($G:$G,$I:$I,$P7,$F:$F, TEXT(W$5,"00") & "." & TEXT($A$1,"00")) -> 0 | X7: =SUMIFS($G:$G,$I:$I,$P7,$F:$F, TEXT(X$5,"00") & "." & TEXT($A$1,"00")) -> 0 | Y7: =SUMIFS($G:$G,$I:$I,$P7,$F:$F, TEXT(Y$5,"00") & "." & TEXT($A$1,"00")) -> 867.68 | ... AV7: =SUMIFS($G:$G,$I:$I,$P7,$F:$F, TEXT(AV$5,"00") & "." & TEXT($A$1,"00")) -> 372.59 | AW7: =SUM(Q7:AV7) -> 12495.93
B8: משכנתא | C8: 4532.74 | G8: 95 | H8: אינטרנט | I8: =_xlfn.XLOOKUP(H8,[2]Dropdown!B:B,[2]Dropdown!C:C) -> תחזוקת דירה ותקשורת | J8: העברה | P8: רכב ונסיעות | Q8: =SUMIFS($G:$G,$I:$I,$P8,$F:$F,"") -> 587 | R8: =SUMIFS($G:$G,$I:$I,$P8,$F:$F, TEXT(R$5,"00") & "." & TEXT($A$1,"00")) -> 0 | S8: =SUMIFS($G:$G,$I:$I,$P8,$F:$F, TEXT(S$5,"00") & "." & TEXT($A$1,"00")) -> 244.99 | T8: =SUMIFS($G:$G,$I:$I,$P8,$F:$F, TEXT(T$5,"00") & "." & TEXT($A$1,"00")) -> 0 | U8: =SUMIFS($G:$G,$I:$I,$P8,$F:$F, TEXT(U$5,"00") & "." & TEXT($A$1,"00")) -> 48.8 | V8: =SUMIFS($G:$G,$I:$I,$P8,$F:$F, TEXT(V$5,"00") & "." & TEXT($A$1,"00")) -> 0 | W8: =SUMIFS($G:$G,$I:$I,$P8,$F:$F, TEXT(W$5,"00") & "." & TEXT($A$1,"00")) -> 0 | X8: =SUMIFS($G:$G,$I:$I,$P8,$F:$F, TEXT(X$5,"00") & "." & TEXT($A$1,"00")) -> 568.63 | Y8: =SUMIFS($G:$G,$I:$I,$P8,$F:$F, TEXT(Y$5,"00") & "." & TEXT($A$1,"00")) -> 0 | ... AV8: =SUMIFS($G:$G,$I:$I,$P8,$F:$F, TEXT(AV$5,"00") & "." & TEXT($A$1,"00")) -> 0 | AW8: =SUM(Q8:AV8) -> 4544.9
A9: קבועים | B9: קיבוץ/שוטף | C9: 2934.4 | D9: 6727.61 | G9: 112 | H9: קופ"ח + משלים | I9: =_xlfn.XLOOKUP(H9,[2]Dropdown!B:B,[2]Dropdown!C:C) -> בריאות וטיפולים | J9: העברה | P9: ילדים וחינוך | Q9: =SUMIFS($G:$G,$I:$I,$P9,$F:$F,"") -> 4311.72 | R9: =SUMIFS($G:$G,$I:$I,$P9,$F:$F, TEXT(R$5,"00") & "." & TEXT($A$1,"00")) -> 0 | S9: =SUMIFS($G:$G,$I:$I,$P9,$F:$F, TEXT(S$5,"00") & "." & TEXT($A$1,"00")) -> 0 | T9: =SUMIFS($G:$G,$I:$I,$P9,$F:$F, TEXT(T$5,"00") & "." & TEXT($A$1,"00")) -> 0 | U9: =SUMIFS($G:$G,$I:$I,$P9,$F:$F, TEXT(U$5,"00") & "." & TEXT($A$1,"00")) -> 0 | V9: =SUMIFS($G:$G,$I:$I,$P9,$F:$F, TEXT(V$5,"00") & "." & TEXT($A$1,"00")) -> 0 | W9: =SUMIFS($G:$G,$I:$I,$P9,$F:$F, TEXT(W$5,"00") & "." & TEXT($A$1,"00")) -> 150 | X9: =SUMIFS($G:$G,$I:$I,$P9,$F:$F, TEXT(X$5,"00") & "." & TEXT($A$1,"00")) -> 0 | Y9: =SUMIFS($G:$G,$I:$I,$P9,$F:$F, TEXT(Y$5,"00") & "." & TEXT($A$1,"00")) -> 0 | ... AV9: =SUMIFS($G:$G,$I:$I,$P9,$F:$F, TEXT(AV$5,"00") & "." & TEXT($A$1,"00")) -> 0 | AW9: =SUM(Q9:AV9) -> 5361.72
B10: אחר | C10: -26442.84 | G10: 389 | H10: ביטוח בריאות פרטי | I10: =_xlfn.XLOOKUP(H10,[2]Dropdown!B:B,[2]Dropdown!C:C) -> בריאות וטיפולים | J10: העברה | P10: תרבות ופנאי | Q10: =SUMIFS($G:$G,$I:$I,$P10,$F:$F,"") -> 0 | R10: =SUMIFS($G:$G,$I:$I,$P10,$F:$F, TEXT(R$5,"00") & "." & TEXT($A$1,"00")) -> 97 | S10: =SUMIFS($G:$G,$I:$I,$P10,$F:$F, TEXT(S$5,"00") & "." & TEXT($A$1,"00")) -> 135.9 | T10: =SUMIFS($G:$G,$I:$I,$P10,$F:$F, TEXT(T$5,"00") & "." & TEXT($A$1,"00")) -> 193 | U10: =SUMIFS($G:$G,$I:$I,$P10,$F:$F, TEXT(U$5,"00") & "." & TEXT($A$1,"00")) -> 0 | V10: =SUMIFS($G:$G,$I:$I,$P10,$F:$F, TEXT(V$5,"00") & "." & TEXT($A$1,"00")) -> 0 | W10: =SUMIFS($G:$G,$I:$I,$P10,$F:$F, TEXT(W$5,"00") & "." & TEXT($A$1,"00")) -> 181.58 | X10: =SUMIFS($G:$G,$I:$I,$P10,$F:$F, TEXT(X$5,"00") & "." & TEXT($A$1,"00")) -> 0 | Y10: =SUMIFS($G:$G,$I:$I,$P10,$F:$F, TEXT(Y$5,"00") & "." & TEXT($A$1,"00")) -> 19 | ... AV10: =SUMIFS($G:$G,$I:$I,$P10,$F:$F, TEXT(AV$5,"00") & "." & TEXT($A$1,"00")) -> 27 | AW10: =SUM(Q10:AV10) -> 4861.39
A11: תשלומים | B11: עמלות | C11: 1218.76 | D11: 22 | G11: 0 | H11: ביטוח דירה | I11: =_xlfn.XLOOKUP(H11,[2]Dropdown!B:B,[2]Dropdown!C:C) -> תחזוקת דירה ותקשורת | J11: העברה | P11: בריאות וטיפולים | Q11: =SUMIFS($G:$G,$I:$I,$P11,$F:$F,"") -> 1374.16 | R11: =SUMIFS($G:$G,$I:$I,$P11,$F:$F, TEXT(R$5,"00") & "." & TEXT($A$1,"00")) -> 0 | S11: =SUMIFS($G:$G,$I:$I,$P11,$F:$F, TEXT(S$5,"00") & "." & TEXT($A$1,"00")) -> 0 | T11: =SUMIFS($G:$G,$I:$I,$P11,$F:$F, TEXT(T$5,"00") & "." & TEXT($A$1,"00")) -> 0 | U11: =SUMIFS($G:$G,$I:$I,$P11,$F:$F, TEXT(U$5,"00") & "." & TEXT($A$1,"00")) -> 0 | V11: =SUMIFS($G:$G,$I:$I,$P11,$F:$F, TEXT(V$5,"00") & "." & TEXT($A$1,"00")) -> 0 | W11: =SUMIFS($G:$G,$I:$I,$P11,$F:$F, TEXT(W$5,"00") & "." & TEXT($A$1,"00")) -> 0 | X11: =SUMIFS($G:$G,$I:$I,$P11,$F:$F, TEXT(X$5,"00") & "." & TEXT($A$1,"00")) -> 0 | Y11: =SUMIFS($G:$G,$I:$I,$P11,$F:$F, TEXT(Y$5,"00") & "." & TEXT($A$1,"00")) -> 0 | ... AV11: =SUMIFS($G:$G,$I:$I,$P11,$F:$F, TEXT(AV$5,"00") & "." & TEXT($A$1,"00")) -> 0 | AW11: =SUM(Q11:AV11) -> 1424.89
B12: העברה בין חשבונות | C12: -633417.24 | D12: 15000 | G12: 647 | H12: מים | I12: =_xlfn.XLOOKUP(H12,[2]Dropdown!B:B,[2]Dropdown!C:C) -> תחזוקת דירה ותקשורת | J12: העברה | P12: ביטוחים ופיננסים | Q12: =SUMIFS($G:$G,$I:$I,$P12,$F:$F,"") -> 3026.66 | R12: =SUMIFS($G:$G,$I:$I,$P12,$F:$F, TEXT(R$5,"00") & "." & TEXT($A$1,"00")) -> 0 | S12: =SUMIFS($G:$G,$I:$I,$P12,$F:$F, TEXT(S$5,"00") & "." & TEXT($A$1,"00")) -> 778 | T12: =SUMIFS($G:$G,$I:$I,$P12,$F:$F, TEXT(T$5,"00") & "." & TEXT($A$1,"00")) -> 0 | U12: =SUMIFS($G:$G,$I:$I,$P12,$F:$F, TEXT(U$5,"00") & "." & TEXT($A$1,"00")) -> 0 | V12: =SUMIFS($G:$G,$I:$I,$P12,$F:$F, TEXT(V$5,"00") & "." & TEXT($A$1,"00")) -> 0 | W12: =SUMIFS($G:$G,$I:$I,$P12,$F:$F, TEXT(W$5,"00") & "." & TEXT($A$1,"00")) -> 0 | X12: =SUMIFS($G:$G,$I:$I,$P12,$F:$F, TEXT(X$5,"00") & "." & TEXT($A$1,"00")) -> 0 | Y12: =SUMIFS($G:$G,$I:$I,$P12,$F:$F, TEXT(Y$5,"00") & "." & TEXT($A$1,"00")) -> 0 | ... AV12: =SUMIFS($G:$G,$I:$I,$P12,$F:$F, TEXT(AV$5,"00") & "." & TEXT($A$1,"00")) -> 452.76 | AW12: =SUM(Q12:AV12) -> 4311.04
B13: העברה | G13: 205 | H13: חוגים וקייטנות | I13: =_xlfn.XLOOKUP(H13,[2]Dropdown!B:B,[2]Dropdown!C:C) -> ילדים וחינוך | J13: העברה | P13: עסק | Q13: =SUMIFS($G:$G,$I:$I,$P13,$F:$F,"") -> 33257.61 | R13: =SUMIFS($G:$G,$I:$I,$P13,$F:$F, TEXT(R$5,"00") & "." & TEXT($A$1,"00")) -> 0 | S13: =SUMIFS($G:$G,$I:$I,$P13,$F:$F, TEXT(S$5,"00") & "." & TEXT($A$1,"00")) -> 0 | T13: =SUMIFS($G:$G,$I:$I,$P13,$F:$F, TEXT(T$5,"00") & "." & TEXT($A$1,"00")) -> 0 | U13: =SUMIFS($G:$G,$I:$I,$P13,$F:$F, TEXT(U$5,"00") & "." & TEXT($A$1,"00")) -> 0 | V13: =SUMIFS($G:$G,$I:$I,$P13,$F:$F, TEXT(V$5,"00") & "." & TEXT($A$1,"00")) -> 0 | W13: =SUMIFS($G:$G,$I:$I,$P13,$F:$F, TEXT(W$5,"00") & "." & TEXT($A$1,"00")) -> 0 | X13: =SUMIFS($G:$G,$I:$I,$P13,$F:$F, TEXT(X$5,"00") & "." & TEXT($A$1,"00")) -> 0 | Y13: =SUMIFS($G:$G,$I:$I,$P13,$F:$F, TEXT(Y$5,"00") & "." & TEXT($A$1,"00")) -> 0 | ... AV13: =SUMIFS($G:$G,$I:$I,$P13,$F:$F, TEXT(AV$5,"00") & "." & TEXT($A$1,"00")) -> 0 | AW13: =SUM(Q13:AV13) -> 33257.61
A14: מזומן | B14: כספומט | C14: 300 | D14: 385 | G14: 0 | H14: חוגים וקייטנות | I14: =_xlfn.XLOOKUP(H14,[2]Dropdown!B:B,[2]Dropdown!C:C) -> ילדים וחינוך | J14: העברה
A15: שחרור פקדון | C15: -3051.03 | D15: 0 | G15: 1417.68 | H15: משכנתא | I15: =_xlfn.XLOOKUP(H15,[2]Dropdown!B:B,[2]Dropdown!C:C) -> תחזוקת דירה ותקשורת | J15: חש-ד
A16: חסכון | B16: פקדון | C16: 500 | D16: 0 | G16: 1521.12 | H16: משכנתא | I16: =_xlfn.XLOOKUP(H16,[2]Dropdown!B:B,[2]Dropdown!C:C) -> תחזוקת דירה ותקשורת | J16: חש-ד
A17: הוצאות עתידיות | G17: 1593.94 | H17: משכנתא | I17: =_xlfn.XLOOKUP(H17,[2]Dropdown!B:B,[2]Dropdown!C:C) -> תחזוקת דירה ותקשורת | J17: חש-ד | P17: קטגוריה
A18: סך הוצאות | C18: -626613.87 | D18: 50914.96 | G18: 689.66 | H18: חשמל | I18: =_xlfn.XLOOKUP(H18,[2]Dropdown!B:B,[2]Dropdown!C:C) -> תחזוקת דירה ותקשורת | J18: י-ק 2 | P18: תחזוקת דירה ותקשורת | Q18: קבוע | R18: 1 | S18: 2 | T18: 3 | U18: 4 | V18: 5 | W18: 6 | X18: 7 | Y18: 8 | Z18: 9 | AA18: 10 | AB18: 11 | AC18: 12 | AD18: 13 | AE18: 14 | AF18: 15 | AG18: 16 | AH18: 17 | AI18: 18 | AJ18: 19 | AK18: 20 | AL18: 21 | AM18: 22 | AN18: 23 | AO18: 24 | AP18: 25 | AQ18: 26 | AR18: 27 | AS18: 28 | AT18: 29 | AU18: 30 | AV18: 31 | AW18: סה"כ
G19: 99.82 | H19: כבלים | I19: =_xlfn.XLOOKUP(H19,[2]Dropdown!B:B,[2]Dropdown!C:C) -> תחזוקת דירה ותקשורת | J19: ל-ו 2 | P19: {=_xlfn._xlws.FILTER(Dropdown!$B:$B,Dropdown!$C:$C = $P$18)} -> משכנתא | Q19: =SUMIFS($G:$G,$H:$H,$P19,$F:$F,"") -> 4532.74 | R19: =SUMIFS($G:$G,$H:$H,$P19,$F:$F,TEXT(R$5,"00") & "." & TEXT($A$1,"00")) -> 0 | S19: =SUMIFS($G:$G,$H:$H,$P19,$F:$F,TEXT(S$5,"00") & "." & TEXT($A$1,"00")) -> 0 | T19: =SUMIFS($G:$G,$H:$H,$P19,$F:$F,TEXT(T$5,"00") & "." & TEXT($A$1,"00")) -> 0 | U19: =SUMIFS($G:$G,$H:$H,$P19,$F:$F,TEXT(U$5,"00") & "." & TEXT($A$1,"00")) -> 0 | V19: =SUMIFS($G:$G,$H:$H,$P19,$F:$F,TEXT(V$5,"00") & "." & TEXT($A$1,"00")) -> 0 | W19: =SUMIFS($G:$G,$H:$H,$P19,$F:$F,TEXT(W$5,"00") & "." & TEXT($A$1,"00")) -> 0 | X19: =SUMIFS($G:$G,$H:$H,$P19,$F:$F,TEXT(X$5,"00") & "." & TEXT($A$1,"00")) -> 0 | Y19: =SUMIFS($G:$G,$H:$H,$P19,$F:$F,TEXT(Y$5,"00") & "." & TEXT($A$1,"00")) -> 0 | ... AV19: =SUMIFS($G:$G,$H:$H,$P19,$F:$F,TEXT(AV$5,"00") & "." & TEXT($A$1,"00")) -> 0 | AW19: =SUM(Q19:AV19) -> 4532.74
A20: הכנסות | B20: משכורת יניב | C20: 15134.42 | D20: 0 | G20: 69.9 | H20: כבלים | I20: =_xlfn.XLOOKUP(H20,[2]Dropdown!B:B,[2]Dropdown!C:C) -> תחזוקת דירה ותקשורת | J20: ל-ח 1 | P20: שכר דירה | Q20: =SUMIFS($G:$G,$H:$H,$P20,$F:$F,"") -> 0 | R20: =SUMIFS($G:$G,$H:$H,$P20,$F:$F,TEXT(R$5,"00") & "." & TEXT($A$1,"00")) -> 0 | S20: =SUMIFS($G:$G,$H:$H,$P20,$F:$F,TEXT(S$5,"00") & "." & TEXT($A$1,"00")) -> 0 | T20: =SUMIFS($G:$G,$H:$H,$P20,$F:$F,TEXT(T$5,"00") & "." & TEXT($A$1,"00")) -> 0 | U20: =SUMIFS($G:$G,$H:$H,$P20,$F:$F,TEXT(U$5,"00") & "." & TEXT($A$1,"00")) -> 0 | V20: =SUMIFS($G:$G,$H:$H,$P20,$F:$F,TEXT(V$5,"00") & "." & TEXT($A$1,"00")) -> 0 | W20: =SUMIFS($G:$G,$H:$H,$P20,$F:$F,TEXT(W$5,"00") & "." & TEXT($A$1,"00")) -> 0 | X20: =SUMIFS($G:$G,$H:$H,$P20,$F:$F,TEXT(X$5,"00") & "." & TEXT($A$1,"00")) -> 0 | Y20: =SUMIFS($G:$G,$H:$H,$P20,$F:$F,TEXT(Y$5,"00") & "." & TEXT($A$1,"00")) -> 0 | ... AV20: =SUMIFS($G:$G,$H:$H,$P20,$F:$F,TEXT(AV$5,"00") & "." & TEXT($A$1,"00")) -> 0 | AW20: =SUM(Q20:AV20) -> 0
B21: משכורת לילי | C21: 15000 | D21: 50708 | G21: 44.9 | H21: כבלים | I21: =_xlfn.XLOOKUP(H21,[2]Dropdown!B:B,[2]Dropdown!C:C) -> תחזוקת דירה ותקשורת | J21: ל-ח 1 | P21: ארנונה | Q21: =SUMIFS($G:$G,$H:$H,$P21,$F:$F,"") -> 703.8 | R21: =SUMIFS($G:$G,$H:$H,$P21,$F:$F,TEXT(R$5,"00") & "." & TEXT($A$1,"00")) -> 0 | S21: =SUMIFS($G:$G,$H:$H,$P21,$F:$F,TEXT(S$5,"00") & "." & TEXT($A$1,"00")) -> 0 | T21: =SUMIFS($G:$G,$H:$H,$P21,$F:$F,TEXT(T$5,"00") & "." & TEXT($A$1,"00")) -> 0 | U21: =SUMIFS($G:$G,$H:$H,$P21,$F:$F,TEXT(U$5,"00") & "." & TEXT($A$1,"00")) -> 0 | V21: =SUMIFS($G:$G,$H:$H,$P21,$F:$F,TEXT(V$5,"00") & "." & TEXT($A$1,"00")) -> 0 | W21: =SUMIFS($G:$G,$H:$H,$P21,$F:$F,TEXT(W$5,"00") & "." & TEXT($A$1,"00")) -> 0 | X21: =SUMIFS($G:$G,$H:$H,$P21,$F:$F,TEXT(X$5,"00") & "." & TEXT($A$1,"00")) -> 0 | Y21: =SUMIFS($G:$G,$H:$H,$P21,$F:$F,TEXT(Y$5,"00") & "." & TEXT($A$1,"00")) -> 0 | ... AV21: =SUMIFS($G:$G,$H:$H,$P21,$F:$F,TEXT(AV$5,"00") & "." & TEXT($A$1,"00")) -> 0 | AW21: =SUM(Q21:AV21) -> 703.8
B22: קצבה | C22: 269 | G22: 122.4 | H22: טלפונים ניידים | I22: =_xlfn.XLOOKUP(H22,[2]Dropdown!B:B,[2]Dropdown!C:C) -> תחזוקת דירה ותקשורת | J22: ל-ו 2 | P22: מים | Q22: =SUMIFS($G:$G,$H:$H,$P22,$F:$F,"") -> 647 | R22: =SUMIFS($G:$G,$H:$H,$P22,$F:$F,TEXT(R$5,"00") & "." & TEXT($A$1,"00")) -> 0 | S22: =SUMIFS($G:$G,$H:$H,$P22,$F:$F,TEXT(S$5,"00") & "." & TEXT($A$1,"00")) -> 0 | T22: =SUMIFS($G:$G,$H:$H,$P22,$F:$F,TEXT(T$5,"00") & "." & TEXT($A$1,"00")) -> 0 | U22: =SUMIFS($G:$G,$H:$H,$P22,$F:$F,TEXT(U$5,"00") & "." & TEXT($A$1,"00")) -> 0 | V22: =SUMIFS($G:$G,$H:$H,$P22,$F:$F,TEXT(V$5,"00") & "." & TEXT($A$1,"00")) -> 0 | W22: =SUMIFS($G:$G,$H:$H,$P22,$F:$F,TEXT(W$5,"00") & "." & TEXT($A$1,"00")) -> 0 | X22: =SUMIFS($G:$G,$H:$H,$P22,$F:$F,TEXT(X$5,"00") & "." & TEXT($A$1,"00")) -> 0 | Y22: =SUMIFS($G:$G,$H:$H,$P22,$F:$F,TEXT(Y$5,"00") & "." & TEXT($A$1,"00")) -> 0 | ... AV22: =SUMIFS($G:$G,$H:$H,$P22,$F:$F,TEXT(AV$5,"00") & "." & TEXT($A$1,"00")) -> 0 | AW22: =SUM(Q22:AV22) -> 647
B23: עסק | C23: 700 | G23: 80.55 | H23: ביטוח בריאות פרטי | I23: =_xlfn.XLOOKUP(H23,[2]Dropdown!B:B,[2]Dropdown!C:C) -> בריאות וטיפולים | J23: ל-ו 2 | M23: מנורה | P23: חשמל | Q23: =SUMIFS($G:$G,$H:$H,$P23,$F:$F,"") -> 689.66 | R23: =SUMIFS($G:$G,$H:$H,$P23,$F:$F,TEXT(R$5,"00") & "." & TEXT($A$1,"00")) -> 0 | S23: =SUMIFS($G:$G,$H:$H,$P23,$F:$F,TEXT(S$5,"00") & "." & TEXT($A$1,"00")) -> 0 | T23: =SUMIFS($G:$G,$H:$H,$P23,$F:$F,TEXT(T$5,"00") & "." & TEXT($A$1,"00")) -> 0 | U23: =SUMIFS($G:$G,$H:$H,$P23,$F:$F,TEXT(U$5,"00") & "." & TEXT($A$1,"00")) -> 0 | V23: =SUMIFS($G:$G,$H:$H,$P23,$F:$F,TEXT(V$5,"00") & "." & TEXT($A$1,"00")) -> 0 | W23: =SUMIFS($G:$G,$H:$H,$P23,$F:$F,TEXT(W$5,"00") & "." & TEXT($A$1,"00")) -> 0 | X23: =SUMIFS($G:$G,$H:$H,$P23,$F:$F,TEXT(X$5,"00") & "." & TEXT($A$1,"00")) -> 0 | Y23: =SUMIFS($G:$G,$H:$H,$P23,$F:$F,TEXT(Y$5,"00") & "." & TEXT($A$1,"00")) -> 0 | ... AV23: =SUMIFS($G:$G,$H:$H,$P23,$F:$F,TEXT(AV$5,"00") & "." & TEXT($A$1,"00")) -> 0 | AW23: =SUM(Q23:AV23) -> 689.66
A24: סה"כ | C24: 31103.42 | D24: 50708 | G24: 10.47 | H24: ביטוח בריאות פרטי | I24: =_xlfn.XLOOKUP(H24,[2]Dropdown!B:B,[2]Dropdown!C:C) -> בריאות וטיפולים | J24: ל-ו 2 | M24: הראל | P24: גז/נפט | Q24: =SUMIFS($G:$G,$H:$H,$P24,$F:$F,"") -> 0 | R24: =SUMIFS($G:$G,$H:$H,$P24,$F:$F,TEXT(R$5,"00") & "." & TEXT($A$1,"00")) -> 0 | S24: =SUMIFS($G:$G,$H:$H,$P24,$F:$F,TEXT(S$5,"00") & "." & TEXT($A$1,"00")) -> 0 | T24: =SUMIFS($G:$G,$H:$H,$P24,$F:$F,TEXT(T$5,"00") & "." & TEXT($A$1,"00")) -> 0 | U24: =SUMIFS($G:$G,$H:$H,$P24,$F:$F,TEXT(U$5,"00") & "." & TEXT($A$1,"00")) -> 0 | V24: =SUMIFS($G:$G,$H:$H,$P24,$F:$F,TEXT(V$5,"00") & "." & TEXT($A$1,"00")) -> 0 | W24: =SUMIFS($G:$G,$H:$H,$P24,$F:$F,TEXT(W$5,"00") & "." & TEXT($A$1,"00")) -> 0 | X24: =SUMIFS($G:$G,$H:$H,$P24,$F:$F,TEXT(X$5,"00") & "." & TEXT($A$1,"00")) -> 0 | Y24: =SUMIFS($G:$G,$H:$H,$P24,$F:$F,TEXT(Y$5,"00") & "." & TEXT($A$1,"00")) -> 0 | ... AV24: =SUMIFS($G:$G,$H:$H,$P24,$F:$F,TEXT(AV$5,"00") & "." & TEXT($A$1,"00")) -> 0 | AW24: =SUM(Q24:AV24) -> 0
A25: אחרות | B25: אחרות | D25: 700 | G25: 54.16 | H25: ביטוח בריאות פרטי | I25: =_xlfn.XLOOKUP(H25,[2]Dropdown!B:B,[2]Dropdown!C:C) -> בריאות וטיפולים | J25: ל-ו 2 | M25: הראל | P25: טלפון (נייח) | Q25: =SUMIFS($G:$G,$H:$H,$P25,$F:$F,"") -> 0 | R25: =SUMIFS($G:$G,$H:$H,$P25,$F:$F,TEXT(R$5,"00") & "." & TEXT($A$1,"00")) -> 0 | S25: =SUMIFS($G:$G,$H:$H,$P25,$F:$F,TEXT(S$5,"00") & "." & TEXT($A$1,"00")) -> 0 | T25: =SUMIFS($G:$G,$H:$H,$P25,$F:$F,TEXT(T$5,"00") & "." & TEXT($A$1,"00")) -> 0 | U25: =SUMIFS($G:$G,$H:$H,$P25,$F:$F,TEXT(U$5,"00") & "." & TEXT($A$1,"00")) -> 0 | V25: =SUMIFS($G:$G,$H:$H,$P25,$F:$F,TEXT(V$5,"00") & "." & TEXT($A$1,"00")) -> 0 | W25: =SUMIFS($G:$G,$H:$H,$P25,$F:$F,TEXT(W$5,"00") & "." & TEXT($A$1,"00")) -> 0 | X25: =SUMIFS($G:$G,$H:$H,$P25,$F:$F,TEXT(X$5,"00") & "." & TEXT($A$1,"00")) -> 0 | Y25: =SUMIFS($G:$G,$H:$H,$P25,$F:$F,TEXT(Y$5,"00") & "." & TEXT($A$1,"00")) -> 0 | ... AV25: =SUMIFS($G:$G,$H:$H,$P25,$F:$F,TEXT(AV$5,"00") & "." & TEXT($A$1,"00")) -> 0 | AW25: =SUM(Q25:AV25) -> 0
A26: סך הכנסות | C26: 31103.42 | D26: 51408 | G26: 259.74 | H26: ביטוח בריאות פרטי | I26: =_xlfn.XLOOKUP(H26,[2]Dropdown!B:B,[2]Dropdown!C:C) -> בריאות וטיפולים | J26: ל-ו 2 | M26: הראל | P26: טלפונים ניידים | Q26: =SUMIFS($G:$G,$H:$H,$P26,$F:$F,"") -> 122.4 | R26: =SUMIFS($G:$G,$H:$H,$P26,$F:$F,TEXT(R$5,"00") & "." & TEXT($A$1,"00")) -> 0 | S26: =SUMIFS($G:$G,$H:$H,$P26,$F:$F,TEXT(S$5,"00") & "." & TEXT($A$1,"00")) -> 0 | T26: =SUMIFS($G:$G,$H:$H,$P26,$F:$F,TEXT(T$5,"00") & "." & TEXT($A$1,"00")) -> 0 | U26: =SUMIFS($G:$G,$H:$H,$P26,$F:$F,TEXT(U$5,"00") & "." & TEXT($A$1,"00")) -> 0 | V26: =SUMIFS($G:$G,$H:$H,$P26,$F:$F,TEXT(V$5,"00") & "." & TEXT($A$1,"00")) -> 0 | W26: =SUMIFS($G:$G,$H:$H,$P26,$F:$F,TEXT(W$5,"00") & "." & TEXT($A$1,"00")) -> 0 | X26: =SUMIFS($G:$G,$H:$H,$P26,$F:$F,TEXT(X$5,"00") & "." & TEXT($A$1,"00")) -> 0 | Y26: =SUMIFS($G:$G,$H:$H,$P26,$F:$F,TEXT(Y$5,"00") & "." & TEXT($A$1,"00")) -> 0 | ... AV26: =SUMIFS($G:$G,$H:$H,$P26,$F:$F,TEXT(AV$5,"00") & "." & TEXT($A$1,"00")) -> 0 | AW26: =SUM(Q26:AV26) -> 122.4
G27: 275.38 | H27: קופ"ח + משלים | I27: =_xlfn.XLOOKUP(H27,[2]Dropdown!B:B,[2]Dropdown!C:C) -> בריאות וטיפולים | J27: ל-ו 2 | M27: כללית | P27: ביוב | Q27: =SUMIFS($G:$G,$H:$H,$P27,$F:$F,"") -> 371.4 | R27: =SUMIFS($G:$G,$H:$H,$P27,$F:$F,TEXT(R$5,"00") & "." & TEXT($A$1,"00")) -> 0 | S27: =SUMIFS($G:$G,$H:$H,$P27,$F:$F,TEXT(S$5,"00") & "." & TEXT($A$1,"00")) -> 0 | T27: =SUMIFS($G:$G,$H:$H,$P27,$F:$F,TEXT(T$5,"00") & "." & TEXT($A$1,"00")) -> 0 | U27: =SUMIFS($G:$G,$H:$H,$P27,$F:$F,TEXT(U$5,"00") & "." & TEXT($A$1,"00")) -> 0 | V27: =SUMIFS($G:$G,$H:$H,$P27,$F:$F,TEXT(V$5,"00") & "." & TEXT($A$1,"00")) -> 0 | W27: =SUMIFS($G:$G,$H:$H,$P27,$F:$F,TEXT(W$5,"00") & "." & TEXT($A$1,"00")) -> 0 | X27: =SUMIFS($G:$G,$H:$H,$P27,$F:$F,TEXT(X$5,"00") & "." & TEXT($A$1,"00")) -> 0 | Y27: =SUMIFS($G:$G,$H:$H,$P27,$F:$F,TEXT(Y$5,"00") & "." & TEXT($A$1,"00")) -> 0 | ... AV27: =SUMIFS($G:$G,$H:$H,$P27,$F:$F,TEXT(AV$5,"00") & "." & TEXT($A$1,"00")) -> 0 | AW27: =SUM(Q27:AV27) -> 371.4
A28: מצב חשבון | B28: יתרה חודש קודם | C28: -34248.61 | D28: 6283.91 | G28: 192.86 | H28: ביטוח בריאות פרטי | I28: =_xlfn.XLOOKUP(H28,[2]Dropdown!B:B,[2]Dropdown!C:C) -> בריאות וטיפולים | J28: י-ק 2 | P28: כבלים | Q28: =SUMIFS($G:$G,$H:$H,$P28,$F:$F,"") -> 214.62 | R28: =SUMIFS($G:$G,$H:$H,$P28,$F:$F,TEXT(R$5,"00") & "." & TEXT($A$1,"00")) -> 0 | S28: =SUMIFS($G:$G,$H:$H,$P28,$F:$F,TEXT(S$5,"00") & "." & TEXT($A$1,"00")) -> 0 | T28: =SUMIFS($G:$G,$H:$H,$P28,$F:$F,TEXT(T$5,"00") & "." & TEXT($A$1,"00")) -> 0 | U28: =SUMIFS($G:$G,$H:$H,$P28,$F:$F,TEXT(U$5,"00") & "." & TEXT($A$1,"00")) -> 0 | V28: =SUMIFS($G:$G,$H:$H,$P28,$F:$F,TEXT(V$5,"00") & "." & TEXT($A$1,"00")) -> 0 | W28: =SUMIFS($G:$G,$H:$H,$P28,$F:$F,TEXT(W$5,"00") & "." & TEXT($A$1,"00")) -> 0 | X28: =SUMIFS($G:$G,$H:$H,$P28,$F:$F,TEXT(X$5,"00") & "." & TEXT($A$1,"00")) -> 0 | Y28: =SUMIFS($G:$G,$H:$H,$P28,$F:$F,TEXT(Y$5,"00") & "." & TEXT($A$1,"00")) -> 0 | ... AV28: =SUMIFS($G:$G,$H:$H,$P28,$F:$F,TEXT(AV$5,"00") & "." & TEXT($A$1,"00")) -> 0 | AW28: =SUM(Q28:AV28) -> 214.62
B29: מצב עדכני | C29: 623468.68 | D29: 6076.95 | G29: 273.59 | H29: ביטוחי חיים (ריסק) | I29: =_xlfn.XLOOKUP(H29,[2]Dropdown!B:B,[2]Dropdown!C:C) -> ביטוחים ופיננסים | J29: י-ק 2 | P29: אינטרנט | Q29: =SUMIFS($G:$G,$H:$H,$P29,$F:$F,"") -> 95 | R29: =SUMIFS($G:$G,$H:$H,$P29,$F:$F,TEXT(R$5,"00") & "." & TEXT($A$1,"00")) -> 0 | S29: =SUMIFS($G:$G,$H:$H,$P29,$F:$F,TEXT(S$5,"00") & "." & TEXT($A$1,"00")) -> 0 | T29: =SUMIFS($G:$G,$H:$H,$P29,$F:$F,TEXT(T$5,"00") & "." & TEXT($A$1,"00")) -> 0 | U29: =SUMIFS($G:$G,$H:$H,$P29,$F:$F,TEXT(U$5,"00") & "." & TEXT($A$1,"00")) -> 0 | V29: =SUMIFS($G:$G,$H:$H,$P29,$F:$F,TEXT(V$5,"00") & "." & TEXT($A$1,"00")) -> 0 | W29: =SUMIFS($G:$G,$H:$H,$P29,$F:$F,TEXT(W$5,"00") & "." & TEXT($A$1,"00")) -> 0 | X29: =SUMIFS($G:$G,$H:$H,$P29,$F:$F,TEXT(X$5,"00") & "." & TEXT($A$1,"00")) -> 0 | Y29: =SUMIFS($G:$G,$H:$H,$P29,$F:$F,TEXT(Y$5,"00") & "." & TEXT($A$1,"00")) -> 0 | ... AV29: =SUMIFS($G:$G,$H:$H,$P29,$F:$F,TEXT(AV$5,"00") & "." & TEXT($A$1,"00")) -> 0 | AW29: =SUM(Q29:AV29) -> 95
A30: אשראי | B30: יתרת אשראי | C30: 658468.68 | D30: 16076.95 | G30: 278.04 | H30: ביטוחי חיים (ריסק) | I30: =_xlfn.XLOOKUP(H30,[2]Dropdown!B:B,[2]Dropdown!C:C) -> ביטוחים ופיננסים | J30: ל-ו 2 | M30: הראל | P30: ועד בית/ישוב | Q30: =SUMIFS($G:$G,$H:$H,$P30,$F:$F,"") -> 1760.4 | R30: =SUMIFS($G:$G,$H:$H,$P30,$F:$F,TEXT(R$5,"00") & "." & TEXT($A$1,"00")) -> 0 | S30: =SUMIFS($G:$G,$H:$H,$P30,$F:$F,TEXT(S$5,"00") & "." & TEXT($A$1,"00")) -> 0 | T30: =SUMIFS($G:$G,$H:$H,$P30,$F:$F,TEXT(T$5,"00") & "." & TEXT($A$1,"00")) -> 0 | U30: =SUMIFS($G:$G,$H:$H,$P30,$F:$F,TEXT(U$5,"00") & "." & TEXT($A$1,"00")) -> 0 | V30: =SUMIFS($G:$G,$H:$H,$P30,$F:$F,TEXT(V$5,"00") & "." & TEXT($A$1,"00")) -> 0 | W30: =SUMIFS($G:$G,$H:$H,$P30,$F:$F,TEXT(W$5,"00") & "." & TEXT($A$1,"00")) -> 0 | X30: =SUMIFS($G:$G,$H:$H,$P30,$F:$F,TEXT(X$5,"00") & "." & TEXT($A$1,"00")) -> 0 | Y30: =SUMIFS($G:$G,$H:$H,$P30,$F:$F,TEXT(Y$5,"00") & "." & TEXT($A$1,"00")) -> 0 | ... AV30: =SUMIFS($G:$G,$H:$H,$P30,$F:$F,TEXT(AV$5,"00") & "." & TEXT($A$1,"00")) -> 0 | AW30: =SUM(Q30:AV30) -> 1760.4
A31: יתרה | B31: רווח/הפסד | C31: 655166.26 | D31: -206.96 | G31: 71.21 | H31: ביטוחי חיים (ריסק) | I31: =_xlfn.XLOOKUP(H31,[2]Dropdown!B:B,[2]Dropdown!C:C) -> ביטוחים ופיננסים | J31: ל-ו 2 | M31: הראל | P31: עוזרת בית | Q31: =SUMIFS($G:$G,$H:$H,$P31,$F:$F,"") -> 0 | R31: =SUMIFS($G:$G,$H:$H,$P31,$F:$F,TEXT(R$5,"00") & "." & TEXT($A$1,"00")) -> 0 | S31: =SUMIFS($G:$G,$H:$H,$P31,$F:$F,TEXT(S$5,"00") & "." & TEXT($A$1,"00")) -> 0 | T31: =SUMIFS($G:$G,$H:$H,$P31,$F:$F,TEXT(T$5,"00") & "." & TEXT($A$1,"00")) -> 0 | U31: =SUMIFS($G:$G,$H:$H,$P31,$F:$F,TEXT(U$5,"00") & "." & TEXT($A$1,"00")) -> 0 | V31: =SUMIFS($G:$G,$H:$H,$P31,$F:$F,TEXT(V$5,"00") & "." & TEXT($A$1,"00")) -> 0 | W31: =SUMIFS($G:$G,$H:$H,$P31,$F:$F,TEXT(W$5,"00") & "." & TEXT($A$1,"00")) -> 0 | X31: =SUMIFS($G:$G,$H:$H,$P31,$F:$F,TEXT(X$5,"00") & "." & TEXT($A$1,"00")) -> 0 | Y31: =SUMIFS($G:$G,$H:$H,$P31,$F:$F,TEXT(Y$5,"00") & "." & TEXT($A$1,"00")) -> 0 | ... AV31: =SUMIFS($G:$G,$H:$H,$P31,$F:$F,TEXT(AV$5,"00") & "." & TEXT($A$1,"00")) -> 0 | AW31: =SUM(Q31:AV31) -> 0
B32: יתרה חודשית | C32: 657717.29 | D32: -206.96 | G32: 63.43 | H32: ביטוחי חיים (ריסק) | I32: =_xlfn.XLOOKUP(H32,[2]Dropdown!B:B,[2]Dropdown!C:C) -> ביטוחים ופיננסים | J32: ל-ו 2 | M32: הראל | P32: גינון | Q32: =SUMIFS($G:$G,$H:$H,$P32,$F:$F,"") -> 0 | R32: =SUMIFS($G:$G,$H:$H,$P32,$F:$F,TEXT(R$5,"00") & "." & TEXT($A$1,"00")) -> 0 | S32: =SUMIFS($G:$G,$H:$H,$P32,$F:$F,TEXT(S$5,"00") & "." & TEXT($A$1,"00")) -> 0 | T32: =SUMIFS($G:$G,$H:$H,$P32,$F:$F,TEXT(T$5,"00") & "." & TEXT($A$1,"00")) -> 0 | U32: =SUMIFS($G:$G,$H:$H,$P32,$F:$F,TEXT(U$5,"00") & "." & TEXT($A$1,"00")) -> 0 | V32: =SUMIFS($G:$G,$H:$H,$P32,$F:$F,TEXT(V$5,"00") & "." & TEXT($A$1,"00")) -> 0 | W32: =SUMIFS($G:$G,$H:$H,$P32,$F:$F,TEXT(W$5,"00") & "." & TEXT($A$1,"00")) -> 0 | X32: =SUMIFS($G:$G,$H:$H,$P32,$F:$F,TEXT(X$5,"00") & "." & TEXT($A$1,"00")) -> 0 | Y32: =SUMIFS($G:$G,$H:$H,$P32,$F:$F,TEXT(Y$5,"00") & "." & TEXT($A$1,"00")) -> 0 | ... AV32: =SUMIFS($G:$G,$H:$H,$P32,$F:$F,TEXT(AV$5,"00") & "." & TEXT($A$1,"00")) -> 0 | AW32: =SUM(Q32:AV32) -> 0
G33: 98.06 | H33: ביטוחי חיים (ריסק) | I33: =_xlfn.XLOOKUP(H33,[2]Dropdown!B:B,[2]Dropdown!C:C) -> ביטוחים ופיננסים | J33: ל-ו 2 | M33: הראל | P33: ביטוח דירה | Q33: =SUMIFS($G:$G,$H:$H,$P33,$F:$F,"") -> 0 | R33: =SUMIFS($G:$G,$H:$H,$P33,$F:$F,TEXT(R$5,"00") & "." & TEXT($A$1,"00")) -> 0 | S33: =SUMIFS($G:$G,$H:$H,$P33,$F:$F,TEXT(S$5,"00") & "." & TEXT($A$1,"00")) -> 0 | T33: =SUMIFS($G:$G,$H:$H,$P33,$F:$F,TEXT(T$5,"00") & "." & TEXT($A$1,"00")) -> 0 | U33: =SUMIFS($G:$G,$H:$H,$P33,$F:$F,TEXT(U$5,"00") & "." & TEXT($A$1,"00")) -> 0 | V33: =SUMIFS($G:$G,$H:$H,$P33,$F:$F,TEXT(V$5,"00") & "." & TEXT($A$1,"00")) -> 0 | W33: =SUMIFS($G:$G,$H:$H,$P33,$F:$F,TEXT(W$5,"00") & "." & TEXT($A$1,"00")) -> 0 | X33: =SUMIFS($G:$G,$H:$H,$P33,$F:$F,TEXT(X$5,"00") & "." & TEXT($A$1,"00")) -> 0 | Y33: =SUMIFS($G:$G,$H:$H,$P33,$F:$F,TEXT(Y$5,"00") & "." & TEXT($A$1,"00")) -> 0 | ... AV33: =SUMIFS($G:$G,$H:$H,$P33,$F:$F,TEXT(AV$5,"00") & "." & TEXT($A$1,"00")) -> 0 | AW33: =SUM(Q33:AV33) -> 0
C34: החזר חודשי | D34: יתרה | G34: 500 | H34: תוכניות חסכון | I34: =_xlfn.XLOOKUP(H34,[2]Dropdown!B:B,[2]Dropdown!C:C) -> ביטוחים ופיננסים | J34: חש-ד | P34: רכישות לבית | Q34: =SUMIFS($G:$G,$H:$H,$P34,$F:$F,"") -> 0 | R34: =SUMIFS($G:$G,$H:$H,$P34,$F:$F,TEXT(R$5,"00") & "." & TEXT($A$1,"00")) -> 0 | S34: =SUMIFS($G:$G,$H:$H,$P34,$F:$F,TEXT(S$5,"00") & "." & TEXT($A$1,"00")) -> 0 | T34: =SUMIFS($G:$G,$H:$H,$P34,$F:$F,TEXT(T$5,"00") & "." & TEXT($A$1,"00")) -> 0 | U34: =SUMIFS($G:$G,$H:$H,$P34,$F:$F,TEXT(U$5,"00") & "." & TEXT($A$1,"00")) -> 0 | V34: =SUMIFS($G:$G,$H:$H,$P34,$F:$F,TEXT(V$5,"00") & "." & TEXT($A$1,"00")) -> 0 | W34: =SUMIFS($G:$G,$H:$H,$P34,$F:$F,TEXT(W$5,"00") & "." & TEXT($A$1,"00")) -> 0 | X34: =SUMIFS($G:$G,$H:$H,$P34,$F:$F,TEXT(X$5,"00") & "." & TEXT($A$1,"00")) -> 0 | Y34: =SUMIFS($G:$G,$H:$H,$P34,$F:$F,TEXT(Y$5,"00") & "." & TEXT($A$1,"00")) -> 0 | ... AV34: =SUMIFS($G:$G,$H:$H,$P34,$F:$F,TEXT(AV$5,"00") & "." & TEXT($A$1,"00")) -> 0 | AW34: =SUM(Q34:AV34) -> 0
A35: הלוואות | B35: אדי ויידה | D35: 58550 | G35: 0 | H35: עוזרת בית | I35: =_xlfn.XLOOKUP(H35,[2]Dropdown!B:B,[2]Dropdown!C:C) -> תחזוקת דירה ותקשורת | J35: חש-ד | P35: אחזקת בית ותיקונים | Q35: =SUMIFS($G:$G,$H:$H,$P35,$F:$F,"") -> 0 | R35: =SUMIFS($G:$G,$H:$H,$P35,$F:$F,TEXT(R$5,"00") & "." & TEXT($A$1,"00")) -> 0 | S35: =SUMIFS($G:$G,$H:$H,$P35,$F:$F,TEXT(S$5,"00") & "." & TEXT($A$1,"00")) -> 0 | T35: =SUMIFS($G:$G,$H:$H,$P35,$F:$F,TEXT(T$5,"00") & "." & TEXT($A$1,"00")) -> 0 | U35: =SUMIFS($G:$G,$H:$H,$P35,$F:$F,TEXT(U$5,"00") & "." & TEXT($A$1,"00")) -> 0 | V35: =SUMIFS($G:$G,$H:$H,$P35,$F:$F,TEXT(V$5,"00") & "." & TEXT($A$1,"00")) -> 0 | W35: =SUMIFS($G:$G,$H:$H,$P35,$F:$F,TEXT(W$5,"00") & "." & TEXT($A$1,"00")) -> 0 | X35: =SUMIFS($G:$G,$H:$H,$P35,$F:$F,TEXT(X$5,"00") & "." & TEXT($A$1,"00")) -> 0 | Y35: =SUMIFS($G:$G,$H:$H,$P35,$F:$F,TEXT(Y$5,"00") & "." & TEXT($A$1,"00")) -> 0 | ... AV35: =SUMIFS($G:$G,$H:$H,$P35,$F:$F,TEXT(AV$5,"00") & "." & TEXT($A$1,"00")) -> 0 | AW35: =SUM(Q35:AV35) -> 0
B36: סבא | D36: 136176 | G36: 15000 | H36: משכורת | I36: =_xlfn.XLOOKUP(H36,[2]Dropdown!B:B,[2]Dropdown!C:C) -> עסק | J36: חש-ל | P36: מנויים דיגטליים | Q36: =SUMIFS($G:$G,$H:$H,$P36,$F:$F,"") -> 0 | R36: =SUMIFS($G:$G,$H:$H,$P36,$F:$F,TEXT(R$5,"00") & "." & TEXT($A$1,"00")) -> 0 | S36: =SUMIFS($G:$G,$H:$H,$P36,$F:$F,TEXT(S$5,"00") & "." & TEXT($A$1,"00")) -> 0 | T36: =SUMIFS($G:$G,$H:$H,$P36,$F:$F,TEXT(T$5,"00") & "." & TEXT($A$1,"00")) -> 0 | U36: =SUMIFS($G:$G,$H:$H,$P36,$F:$F,TEXT(U$5,"00") & "." & TEXT($A$1,"00")) -> 0 | V36: =SUMIFS($G:$G,$H:$H,$P36,$F:$F,TEXT(V$5,"00") & "." & TEXT($A$1,"00")) -> 0 | W36: =SUMIFS($G:$G,$H:$H,$P36,$F:$F,TEXT(W$5,"00") & "." & TEXT($A$1,"00")) -> 0 | X36: =SUMIFS($G:$G,$H:$H,$P36,$F:$F,TEXT(X$5,"00") & "." & TEXT($A$1,"00")) -> 0 | Y36: =SUMIFS($G:$G,$H:$H,$P36,$F:$F,TEXT(Y$5,"00") & "." & TEXT($A$1,"00")) -> 0 | ... AV36: =SUMIFS($G:$G,$H:$H,$P36,$F:$F,TEXT(AV$5,"00") & "." & TEXT($A$1,"00")) -> 0 | AW36: =SUM(Q36:AV36) -> 0
G37: 3217.61 | H37: פנסיה | I37: =_xlfn.XLOOKUP(H37,[2]Dropdown!B:B,[2]Dropdown!C:C) -> עסק | J37: חש-ל | P37: בנייה | Q37: =SUMIFS($G:$G,$H:$H,$P37,$F:$F,"") -> 7128.5 | R37: =SUMIFS($G:$G,$H:$H,$P37,$F:$F,TEXT(R$5,"00") & "." & TEXT($A$1,"00")) -> 0 | S37: =SUMIFS($G:$G,$H:$H,$P37,$F:$F,TEXT(S$5,"00") & "." & TEXT($A$1,"00")) -> 0 | T37: =SUMIFS($G:$G,$H:$H,$P37,$F:$F,TEXT(T$5,"00") & "." & TEXT($A$1,"00")) -> 0 | U37: =SUMIFS($G:$G,$H:$H,$P37,$F:$F,TEXT(U$5,"00") & "." & TEXT($A$1,"00")) -> 405 | V37: =SUMIFS($G:$G,$H:$H,$P37,$F:$F,TEXT(V$5,"00") & "." & TEXT($A$1,"00")) -> 0 | W37: =SUMIFS($G:$G,$H:$H,$P37,$F:$F,TEXT(W$5,"00") & "." & TEXT($A$1,"00")) -> 0 | X37: =SUMIFS($G:$G,$H:$H,$P37,$F:$F,TEXT(X$5,"00") & "." & TEXT($A$1,"00")) -> 0 | Y37: =SUMIFS($G:$G,$H:$H,$P37,$F:$F,TEXT(Y$5,"00") & "." & TEXT($A$1,"00")) -> 0 | ... AV37: =SUMIFS($G:$G,$H:$H,$P37,$F:$F,TEXT(AV$5,"00") & "." & TEXT($A$1,"00")) -> 32175.76 | AW37: =SUM(Q37:AV37) -> 217759.26
B38: 843093 | C38: 209875.76 | D38: 633217.24 | G38: 0 | H38: מע"מ | I38: =_xlfn.XLOOKUP(H38,[2]Dropdown!B:B,[2]Dropdown!C:C) -> עסק | J38: ל-פ 2
C39: 209875.76 | D39: 827943.24 | G39: 6736 | H39: מס הכנסה | I39: =_xlfn.XLOOKUP(H39,[2]Dropdown!B:B,[2]Dropdown!C:C) -> עסק | J39: ל-פ 2
G40: 4794 | H40: ביטוח לאומי | I40: =_xlfn.XLOOKUP(H40,[2]Dropdown!B:B,[2]Dropdown!C:C) -> עסק | J40: ל-פ 2
A41: ריכוז נתונים | C41: פניות במסגרת אשראי | G41: 600 | H41: רו"ח | I41: =_xlfn.XLOOKUP(H41,[2]Dropdown!B:B,[2]Dropdown!C:C) -> עסק | J41: חש-ל
A42: בלת"מ | B42: 0 | C42: לילי ויזה | D42: 26714.97 | G42: 1710 | H42: קרן השתלמות | I42: =_xlfn.XLOOKUP(H42,[2]Dropdown!B:B,[2]Dropdown!C:C) -> עסק | J42: חש-ל | P42: מצב חשבון | Q42: רגיל | R42: בנייה
A43: תשלומים | B43: 12399.35 | C43: יניב כאל | D43: 45473.69 | G43: 43.9 | H43: מנויים | I43: =_xlfn.XLOOKUP(H43,[2]Dropdown!B:B,[2]Dropdown!C:C) -> מזון וקניות | J43: י-ק 2 | M43: Spotify | P43: חודש קודם | Q43: =C28 -> -34248.61 | R43: 0
A44: החזר הלוואות | B44: 0 | C44: לילי פלייקארד | D44: 21219.65 | G44: 65.74 | H44: מנויים | I44: =_xlfn.XLOOKUP(H44,[2]Dropdown!B:B,[2]Dropdown!C:C) -> מזון וקניות | J44: ל-פ 1 | M44: ChatCPT | P44: הכנסות | Q44: =C24 -> 31103.42 | R44: =345000+498093+20000 -> 863093
A45: פקדון | B45: -2551.03 | G45: 67 | H45: מנויים | I45: =_xlfn.XLOOKUP(H45,[2]Dropdown!B:B,[2]Dropdown!C:C) -> מזון וקניות | J45: ל-ו 2 | M45: מועדון AI | P45: הוצאות | Q45: =C18-C12+20000 -> 26803.37 | R45: =SUMIFS(G:G,H:H,R42,J:J,"העברה")+SUMIFS(G:G, H:H, R42, J:J, "*1*") -> 210280.76
D46: 93408.31 | G46: 600 | H46: חוגים וקייטנות | I46: =_xlfn.XLOOKUP(H46,[2]Dropdown!B:B,[2]Dropdown!C:C) -> ילדים וחינוך | J46: ל-ו 2 | M46: קרקע בנות | P46: מצב חדש | Q46: =Q43+Q44-Q45 -> -29948.56 | R46: =R43+R44-R45 -> 652812.24
G47: 700 | H47: חוגים וקייטנות | I47: =_xlfn.XLOOKUP(H47,[2]Dropdown!B:B,[2]Dropdown!C:C) -> ילדים וחינוך | J47: ל-ו 2 | M47: ריקוד ליה
G48: 450 | H48: חוגים וקייטנות | I48: =_xlfn.XLOOKUP(H48,[2]Dropdown!B:B,[2]Dropdown!C:C) -> ילדים וחינוך | J48: ל-ו 2 | M48: ריקוד יעל
G49: =390+45 -> 435 | H49: חוגים וקייטנות | I49: =_xlfn.XLOOKUP(H49,[2]Dropdown!B:B,[2]Dropdown!C:C) -> ילדים וחינוך | J49: ל-ו 1 | M49: אופנה
G50: 280 | H50: חוגים וקייטנות | I50: =_xlfn.XLOOKUP(H50,[2]Dropdown!B:B,[2]Dropdown!C:C) -> ילדים וחינוך | J50: ל-ו 1 | M50: יצירה
F51: תשלומים חודשיים ותשלומים קבועים שנתיים
G52: 1200 | H52: רו"ח | I52: =_xlfn.XLOOKUP(H52,Dropdown!B:B,Dropdown!C:C) -> עסק | J52: חש-ל | M52: דוח שנתי יניב
G53: 587.72 | H53: חוגים וקייטנות | I53: =_xlfn.XLOOKUP(H53,[2]Dropdown!B:B,[2]Dropdown!C:C) -> ילדים וחינוך | J53: ל-ו 1 | K53: 7 | M53: משחק
G54: 720 | H54: ביטוחים אחרים | I54: =_xlfn.XLOOKUP(H54,[2]Dropdown!B:B,[2]Dropdown!C:C) -> ביטוחים ופיננסים | J54: ל-פ 2 | K54: 2 | L54: 11.02.26 | M54: ביטוח מכנת כביסה
G55: 1138.8 | H55: מכשירים | I55: =_xlfn.XLOOKUP(H55,[2]Dropdown!B:B,[2]Dropdown!C:C) -> מזון וקניות | J55: ל-ו 2 | K55: 3 | L55: 12.03.26 | M55: מחשב
G56: 567 | H56: מכשירים | I56: =_xlfn.XLOOKUP(H56,[2]Dropdown!B:B,[2]Dropdown!C:C) -> מזון וקניות | J56: ל-ו 2 | K56: 1 | L56: 13.01.26 | M56: איי רובוט
G57: 425 | H57: חוגים וקייטנות | I57: =_xlfn.XLOOKUP(H57,[2]Dropdown!B:B,[2]Dropdown!C:C) -> ילדים וחינוך | J57: ל-ו 2 | K57: 0 | L57: 17.12.25 | M57: שמו"צ
G58: 616.33 | H58: מכשירים | I58: =_xlfn.XLOOKUP(H58,[2]Dropdown!B:B,[2]Dropdown!C:C) -> מזון וקניות | J58: ל-ו 2 | K58: 1 | L58: 18.01.26 | M58: מייבש
G59: 587 | H59: טיפולים ותיקונים | I59: =_xlfn.XLOOKUP(H59,[2]Dropdown!B:B,[2]Dropdown!C:C) -> רכב ונסיעות | J59: ל-פ 2 | K59: 0 | L59: 19.12.25 | M59: תיקון רכב
G60: 3164 | H60: בנייה | I60: =_xlfn.XLOOKUP(H60,[2]Dropdown!B:B,[2]Dropdown!C:C) -> תחזוקת דירה ותקשורת | J60: ל-ו 2 | K60: 2 | L60: 28.02.26 | M60: פרקט | N60: V
G61: 1604.5 | H61: בנייה | I61: =_xlfn.XLOOKUP(H61,[2]Dropdown!B:B,[2]Dropdown!C:C) -> תחזוקת דירה ותקשורת | J61: ל-ו 2 | K61: 2 | L61: 28.02.26 | M61: דלת קו 0 | N61: V
G62: 175 | H62: מנויים | I62: =_xlfn.XLOOKUP(H62,[2]Dropdown!B:B,[2]Dropdown!C:C) -> מזון וקניות | J62: ל-פ 2 | M62: One
G63: 2360 | H63: בנייה | I63: =_xlfn.XLOOKUP(H63,[2]Dropdown!B:B,[2]Dropdown!C:C) -> תחזוקת דירה ותקשורת | J63: ל-פ 2 | K63: 2 | L63: 29.02.26 | M63: ליאב | N63: V
A64: קטגוריה | B64: מנוצל | C64: רצוי | D64: נשאר | E64: חריגה | G64: 1012.33 | H64: ביטוחים אחרים | I64: =_xlfn.XLOOKUP(H64,[2]Dropdown!B:B,[2]Dropdown!C:C) -> ביטוחים ופיננסים | J64: ל-פ 2 | K64: 2 | L64: 02.03.26 | M64: דירה
A65: תחזוקת דירה ותקשורת | B65: 16608.96 | C65: 9547 | D65: 0 | E65: =IF(C65-B65<0,(C65-B65)*-1,0) -> 7061.96 | G65: 629 | H65: בתי ספר | I65: =_xlfn.XLOOKUP(H65,[2]Dropdown!B:B,[2]Dropdown!C:C) -> ילדים וחינוך | J65: ל-ו 2 | K65: 2 | L65: 02.03.26
A66: מזון וקניות | B66: 6434.66 | C66: 8000 | D66: 1565.34 | E66: =IF(C66-B66<0,(C66-B66)*-1,0) -> 0 | F66: שוטף
A67: רכב ונסיעות | B67: 0 | C67: 3240 | D67: 3240 | E67: =IF(C67-B67<0,(C67-B67)*-1,0) -> 0 | F67: 01.12 | G67: 37 | H67: אוכל יניב | I67: =_xlfn.XLOOKUP(H67,[2]Dropdown!B:B,[2]Dropdown!C:C) -> תרבות ופנאי | J67: י-ק 1
A68: ילדים וחינוך | B68: 3683.3867 | C68: 6750 | D68: 3066.6133 | E68: =IF(C68-B68<0,(C68-B68)*-1,0) -> 0 | F68: 01.12 | G68: 33 | H68: אוכל יניב | I68: =_xlfn.XLOOKUP(H68,[2]Dropdown!B:B,[2]Dropdown!C:C) -> תרבות ופנאי | J68: י-ק 1
A69: תרבות ופנאי | B69: 340 | C69: 2600 | D69: 2260 | E69: =IF(C69-B69<0,(C69-B69)*-1,0) -> 0 | F69: 01.12 | G69: 27 | H69: אוכל יניב | I69: =_xlfn.XLOOKUP(H69,[2]Dropdown!B:B,[2]Dropdown!C:C) -> תרבות ופנאי | J69: י-ק 1
A70: בריאות וטיפולים | B70: 1174 | C70: 980 | D70: 0 | E70: =IF(C70-B70<0,(C70-B70)*-1,0) -> 194 | F70: 02.12 | G70: 209 | H70: עמלות | I70: =_xlfn.XLOOKUP(H70,[2]Dropdown!B:B,[2]Dropdown!C:C) -> ביטוחים ופיננסים | J70: חש-ד
A71: ביטוחים ופיננסים | B71: 1205 | C71: 3830 | D71: 2625 | E71: =IF(C71-B71<0,(C71-B71)*-1,0) -> 0 | F71: 02.12 | G71: 569 | H71: עמלות | I71: =_xlfn.XLOOKUP(H71,[2]Dropdown!B:B,[2]Dropdown!C:C) -> ביטוחים ופיננסים | J71: חש-ד
F72: 02.12 | G72: 217.19 | H72: דלק | I72: =_xlfn.XLOOKUP(H72,[2]Dropdown!B:B,[2]Dropdown!C:C) -> רכב ונסיעות | J72: ל-פ 1
F73: 02.12 | G73: 135.9 | H73: מסעדות ומשלוחים | I73: =_xlfn.XLOOKUP(H73,[2]Dropdown!B:B,[2]Dropdown!C:C) -> תרבות ופנאי | J73: ל-פ 1
F74: 02.12 | G74: 27.8 | H74: חניה | I74: =_xlfn.XLOOKUP(H74,[2]Dropdown!B:B,[2]Dropdown!C:C) -> רכב ונסיעות | J74: ל-ו 1
F75: 02.12 | G75: 750.66 | H75: מזון וטואלטיקה | I75: =_xlfn.XLOOKUP(H75,[2]Dropdown!B:B,[2]Dropdown!C:C) -> מזון וקניות | J75: ל-ו 1
F76: 03.12 | G76: 193 | H76: מסעדות ומשלוחים | I76: =_xlfn.XLOOKUP(H76,[2]Dropdown!B:B,[2]Dropdown!C:C) -> תרבות ופנאי | J76: ל-פ 1
F77: 03.12 | G77: 25.9 | H77: מזון וטואלטיקה | I77: =_xlfn.XLOOKUP(H77,[2]Dropdown!B:B,[2]Dropdown!C:C) -> מזון וקניות | J77: ל-ו 1
F78: 03.12 | G78: -105.02 | H78: ביגוד והנעלה | I78: =_xlfn.XLOOKUP(H78,[2]Dropdown!B:B,[2]Dropdown!C:C) -> מזון וקניות | J78: ל-ו 1
F79: 04.12 | G79: 27.7 | H79: מזון וטואלטיקה | I79: =_xlfn.XLOOKUP(H79,[2]Dropdown!B:B,[2]Dropdown!C:C) -> מזון וקניות | J79: י-ק 1
F80: 04.12 | G80: 17 | H80: מזון וטואלטיקה | I80: =_xlfn.XLOOKUP(H80,[2]Dropdown!B:B,[2]Dropdown!C:C) -> מזון וקניות | J80: י-ק 1
F81: 04.12 | G81: 11.3 | H81: מזון וטואלטיקה | I81: =_xlfn.XLOOKUP(H81,[2]Dropdown!B:B,[2]Dropdown!C:C) -> מזון וקניות | J81: י-ק 1
F82: 04.12 | G82: 20 | H82: חניה | I82: =_xlfn.XLOOKUP(H82,[2]Dropdown!B:B,[2]Dropdown!C:C) -> רכב ונסיעות | J82: י-ק 1
F83: 04.12 | G83: 25 | H83: חניה | I83: =_xlfn.XLOOKUP(H83,[2]Dropdown!B:B,[2]Dropdown!C:C) -> רכב ונסיעות | J83: י-ק 1
F84: 04.12 | G84: 92 | H84: ביגוד והנעלה | I84: =_xlfn.XLOOKUP(H84,[2]Dropdown!B:B,[2]Dropdown!C:C) -> מזון וקניות | J84: ל-ו 1
F85: 04.12 | G85: 405 | H85: בנייה | I85: =_xlfn.XLOOKUP(H85,[2]Dropdown!B:B,[2]Dropdown!C:C) -> תחזוקת דירה ותקשורת | J85: ל-ו 1 | N85: V
F86: 04.12 | G86: 3.8 | H86: חניה | I86: =_xlfn.XLOOKUP(H86,[2]Dropdown!B:B,[2]Dropdown!C:C) -> רכב ונסיעות | J86: ל-ו 1
F87: 05.12 | G87: 140 | H87: קניות שונות | I87: =_xlfn.XLOOKUP(H87,[2]Dropdown!B:B,[2]Dropdown!C:C) -> מזון וקניות | J87: י-ק 1
F88: 05.12 | G88: 390.53 | H88: מזון וטואלטיקה | I88: =_xlfn.XLOOKUP(H88,[2]Dropdown!B:B,[2]Dropdown!C:C) -> מזון וקניות | J88: ל-ו 1
F89: 05.12 | G89: 205 | H89: קניות שונות | I89: =_xlfn.XLOOKUP(H89,[2]Dropdown!B:B,[2]Dropdown!C:C) -> מזון וקניות | J89: ל-ו 1
F90: 06.12 | G90: 181.58 | H90: מסעדות ומשלוחים | I90: =_xlfn.XLOOKUP(H90,[2]Dropdown!B:B,[2]Dropdown!C:C) -> תרבות ופנאי | J90: ל-ו 1
F91: 06.12 | G91: 150 | H91: שיעורים פרטיים | I91: =_xlfn.XLOOKUP(H91,[2]Dropdown!B:B,[2]Dropdown!C:C) -> ילדים וחינוך | J91: ל-ו 1
F92: 07.12 | G92: 140.42 | H92: דלק | I92: =_xlfn.XLOOKUP(H92,[2]Dropdown!B:B,[2]Dropdown!C:C) -> רכב ונסיעות | J92: י-ק 1
F93: 07.12 | G93: 271.31 | H93: דלק | I93: =_xlfn.XLOOKUP(H93,[2]Dropdown!B:B,[2]Dropdown!C:C) -> רכב ונסיעות | J93: ל-פ 1
F94: 07.12 | G94: 121.9 | H94: אגרות (כולל טסט) | I94: =_xlfn.XLOOKUP(H94,[2]Dropdown!B:B,[2]Dropdown!C:C) -> רכב ונסיעות | J94: ל-ו 1
F95: 07.12 | G95: 35 | H95: חניה | I95: =_xlfn.XLOOKUP(H95,[2]Dropdown!B:B,[2]Dropdown!C:C) -> רכב ונסיעות | J95: ל-ו 1
F96: 08.12 | G96: 106.12 | H96: מזון וטואלטיקה | I96: =_xlfn.XLOOKUP(H96,[2]Dropdown!B:B,[2]Dropdown!C:C) -> מזון וקניות | J96: י-ק 1
F97: 08.12 | G97: 154 | H97: מזון וטואלטיקה | I97: =_xlfn.XLOOKUP(H97,[2]Dropdown!B:B,[2]Dropdown!C:C) -> מזון וקניות | J97: י-ק 1
... F191: 28.12 | G191: 52.5 | H191: חניה | I191: =_xlfn.XLOOKUP(H191,[2]Dropdown!B:B,[2]Dropdown!C:C) -> רכב ונסיעות | J191: ל-ו 2
F192: 28.12 | G192: 350 | H192: בנייה | I192: =_xlfn.XLOOKUP(H192,[2]Dropdown!B:B,[2]Dropdown!C:C) -> תחזוקת דירה ותקשורת | J192: ל-ו 2 | N192: V
F193: 28.12 | G193: 55 | H193: מסעדות ומשלוחים | I193: =_xlfn.XLOOKUP(H193,[2]Dropdown!B:B,[2]Dropdown!C:C) -> תרבות ופנאי | J193: ל-ו 2
...

Sheet 1
A1: 1 | B1: 1225 | C1: דיסקונט | D1: לאומי | F1: תאריך | G1: סכום | H1: סוג הוצאה | I1: קטגוריה | J1: איך | K1: # | L1: סיום | N1: בלת"ם
A2: כרטיסי אשראי | B2: כ"א לאומי לילי | C2: =SUMIF((INDIRECT("'"&$B$1&"'!"&"J:J")),"ל-ו 2",(INDIRECT("'"&$B$1&"'!"&"G:G")))+SUMIF((INDIRECT("'"&$A$1&"'!"&"J:J")),"ל-ו 1",(INDIRECT("'"&$A$1&"'!"&"G:G"))) -> 24657.85 | D2: =SUMIF((INDIRECT("'"&$B$1&"'!"&"P:P")),"ל-ל 2",(INDIRECT("'"&$B$1&"'!"&"G:G")))+SUMIF((INDIRECT("'"&$A$1&"'!"&"J:J")),"ל-ל 1",(INDIRECT("'"&$A$1&"'!"&"G:G"))) -> 0 | F2: קבועות
B3: כ"א לאומי לילי חו"ל | C3: =SUMIF((INDIRECT("'"&$B$1&"'!"&"J:J")),"ל-ח 2",(INDIRECT("'"&$B$1&"'!"&"G:G")))+SUMIF((INDIRECT("'"&$A$1&"'!"&"J:J")),"ל-ח 1",(INDIRECT("'"&$A$1&"'!"&"G:G"))) -> 3168.04 | E3: =49.9+170.27+34.87+485.28+564.02+569.95+374.52 -> 2248.81 | G3: 10 | H3: עמלות | I3: =_xlfn.XLOOKUP(H3,Dropdown!B:B,Dropdown!C:C) -> ביטוחים ופיננסים | J3: חש-ל
B4: כ"א קאל יניב | C4: =SUMIF((INDIRECT("'"&$B$1&"'!"&"J:J")),"י-ק 2",(INDIRECT("'"&$B$1&"'!"&"G:G")))+SUMIF((INDIRECT("'"&$A$1&"'!"&"J:J")),"י-ק 1",(INDIRECT("'"&$A$1&"'!"&"G:G"))) -> 6729.89 | D4: =SUMIF((INDIRECT("'"&$B$1&"'!"&"J:J")),"ל-פ 2",(INDIRECT("'"&$B$1&"'!"&"G:G")))+SUMIF((INDIRECT("'"&$A$1&"'!"&"J:J")),"ל-פ 1",(INDIRECT("'"&$A$1&"'!"&"G:G"))) -> 22333.95 | G4: 0 | H4: ביוב | I4: =_xlfn.XLOOKUP(H4,Dropdown!B:B,Dropdown!C:C) -> תחזוקת דירה ותקשורת | J4: ל-ו 2
G5: 0 | H5: ארנונה | I5: =_xlfn.XLOOKUP(H5,Dropdown!B:B,Dropdown!C:C) -> תחזוקת דירה ותקשורת | J5: ל-ו 2 | Q5: קבוע | R5: 1 | S5: 2 | T5: 3 | U5: 4 | V5: 5 | W5: 6 | X5: 7 | Y5: 8 | Z5: 9 | AA5: 10 | AB5: 11 | AC5: 12 | AD5: 13 | AE5: 14 | AF5: 15 | AG5: 16 | AH5: 17 | AI5: 18 | AJ5: 19 | AK5: 20 | AL5: 21 | AM5: 22 | AN5: 23 | AO5: 24 | AP5: 25 | AQ5: 26 | AR5: 27 | AS5: 28 | AT5: 29 | AU5: 30 | AV5: 31 | AW5: סה"כ
G6: 1709.26 | H6: ועד בית/ישוב | I6: =_xlfn.XLOOKUP(H6,Dropdown!B:B,Dropdown!C:C) -> תחזוקת דירה ותקשורת | J6: העברה | P6: תחזוקת דירה ותקשורת | Q6: =SUMIFS($G:$G,$I:$I,$P6,$F:$F,"") -> 14932.96 | R6: =SUMIFS($G:$G,$I:$I,$P6,$F:$F, TEXT(R$5,"00") & "." & TEXT($A$1,"00")) -> 0 | S6: =SUMIFS($G:$G,$I:$I,$P6,$F:$F, TEXT(S$5,"00") & "." & TEXT($A$1,"00")) -> 0 | T6: =SUMIFS($G:$G,$I:$I,$P6,$F:$F, TEXT(T$5,"00") & "." & TEXT($A$1,"00")) -> 0 | U6: =SUMIFS($G:$G,$I:$I,$P6,$F:$F, TEXT(U$5,"00") & "." & TEXT($A$1,"00")) -> 0 | V6: =SUMIFS($G:$G,$I:$I,$P6,$F:$F, TEXT(V$5,"00") & "." & TEXT($A$1,"00")) -> 18150 | W6: =SUMIFS($G:$G,$I:$I,$P6,$F:$F, TEXT(W$5,"00") & "." & TEXT($A$1,"00")) -> 0 | X6: =SUMIFS($G:$G,$I:$I,$P6,$F:$F, TEXT(X$5,"00") & "." & TEXT($A$1,"00")) -> 363.08 | Y6: =SUMIFS($G:$G,$I:$I,$P6,$F:$F, TEXT(Y$5,"00") & "." & TEXT($A$1,"00")) -> 0 | ... AV6: =SUMIFS($G:$G,$I:$I,$P6,$F:$F, TEXT(AV$5,"00") & "." & TEXT($A$1,"00")) -> 0 | AW6: =SUM(Q6:AV6) -> 62767.64
A7: הלוואה | B7: הלוואה | C7: =SUMIF((INDIRECT("'"&$A$1&"'!"&"J:J")),"הל-ד",(INDIRECT("'"&$A$1&"'!"&"G:G"))) -> 0 | D7: =SUMIF((INDIRECT("'"&$A$1&"'!"&"J:J")),"הל-ל",(INDIRECT("'"&$A$1&"'!"&"G:G"))) -> 0 | G7: 0 | H7: טלפון (נייח) | I7: =_xlfn.XLOOKUP(H7,Dropdown!B:B,Dropdown!C:C) -> תחזוקת דירה ותקשורת | J7: העברה | P7: מזון וקניות | Q7: =SUMIFS($G:$G,$I:$I,$P7,$F:$F,"") -> 2497.33 | R7: =SUMIFS($G:$G,$I:$I,$P7,$F:$F, TEXT(R$5,"00") & "." & TEXT($A$1,"00")) -> 381.5 | S7: =SUMIFS($G:$G,$I:$I,$P7,$F:$F, TEXT(S$5,"00") & "." & TEXT($A$1,"00")) -> 717.16 | T7: =SUMIFS($G:$G,$I:$I,$P7,$F:$F, TEXT(T$5,"00") & "." & TEXT($A$1,"00")) -> 0 | U7: =SUMIFS($G:$G,$I:$I,$P7,$F:$F, TEXT(U$5,"00") & "." & TEXT($A$1,"00")) -> 200 | V7: =SUMIFS($G:$G,$I:$I,$P7,$F:$F, TEXT(V$5,"00") & "." & TEXT($A$1,"00")) -> 419.9 | W7: =SUMIFS($G:$G,$I:$I,$P7,$F:$F, TEXT(W$5,"00") & "." & TEXT($A$1,"00")) -> 64.5 | X7: =SUMIFS($G:$G,$I:$I,$P7,$F:$F, TEXT(X$5,"00") & "." & TEXT($A$1,"00")) -> 1254.2 | Y7: =SUMIFS($G:$G,$I:$I,$P7,$F:$F, TEXT(Y$5,"00") & "." & TEXT($A$1,"00")) -> 882.73 | ... AV7: =SUMIFS($G:$G,$I:$I,$P7,$F:$F, TEXT(AV$5,"00") & "." & TEXT($A$1,"00")) -> 0 | AW7: =SUM(Q7:AV7) -> 15613.55
B8: משכנתא | C8: =SUMIFS((INDIRECT("'"&$A$1&"'!"&"G:G")),(INDIRECT("'"&$A$1&"'!"&"J:J")),"חש-ד",(INDIRECT("'"&$A$1&"'!"&"H:H")),"משכנתא") -> 1451.3 | G8: 95 | H8: אינטרנט | I8: =_xlfn.XLOOKUP(H8,Dropdown!B:B,Dropdown!C:C) -> תחזוקת דירה ותקשורת | J8: העברה | P8: רכב ונסיעות | Q8: =SUMIFS($G:$G,$I:$I,$P8,$F:$F,"") -> 0 | R8: =SUMIFS($G:$G,$I:$I,$P8,$F:$F, TEXT(R$5,"00") & "." & TEXT($A$1,"00")) -> 278.57 | S8: =SUMIFS($G:$G,$I:$I,$P8,$F:$F, TEXT(S$5,"00") & "." & TEXT($A$1,"00")) -> 0 | T8: =SUMIFS($G:$G,$I:$I,$P8,$F:$F, TEXT(T$5,"00") & "." & TEXT($A$1,"00")) -> 0 | U8: =SUMIFS($G:$G,$I:$I,$P8,$F:$F, TEXT(U$5,"00") & "." & TEXT($A$1,"00")) -> 0 | V8: =SUMIFS($G:$G,$I:$I,$P8,$F:$F, TEXT(V$5,"00") & "." & TEXT($A$1,"00")) -> 275.68 | W8: =SUMIFS($G:$G,$I:$I,$P8,$F:$F, TEXT(W$5,"00") & "." & TEXT($A$1,"00")) -> 0 | X8: =SUMIFS($G:$G,$I:$I,$P8,$F:$F, TEXT(X$5,"00") & "." & TEXT($A$1,"00")) -> 0 | Y8: =SUMIFS($G:$G,$I:$I,$P8,$F:$F, TEXT(Y$5,"00") & "." & TEXT($A$1,"00")) -> 20 | ... AV8: =SUMIFS($G:$G,$I:$I,$P8,$F:$F, TEXT(AV$5,"00") & "." & TEXT($A$1,"00")) -> 0 | AW8: =SUM(Q8:AV8) -> 1934.29
A9: קבועים | B9: קיבוץ/שוטף | C9: 3208.4 | D9: =SUMIFS((INDIRECT("'"&$A$1&"'!"&"G:G")),(INDIRECT("'"&$A$1&"'!"&"J:J")),"חש-ל",(INDIRECT("'"&$A$1&"'!"&"H:H")),"פנסיה")+SUMIFS((INDIRECT("'"&$A$1&"'!"&"G:G")),(INDIRECT("'"&$A$1&"'!"&"J:J")),"חש-ל",(INDIRECT("'"&$A$1&"'!"&"H:H")),"רו""ח")+SUMIFS((INDIRECT("'"&$A$1&"'!"&"G:G")),(INDIRECT("'"&$A$1&"'!"&"J:J")),"חש-ל",(INDIRECT("'"&$A$1&"'!"&"H:H")),"ביטוח לאומי")+SUMIFS((INDIRECT("'"&$A$1&"'!"&"G:G")),(INDIRECT("'"&$A$1&"'!"&"J:J")),"חש-ל",(INDIRECT("'"&$A$1&"'!"&"H:H")),"מע""מ")+SUMIFS((INDIRECT("'"&$A$1&"'!"&"G:G")),(INDIRECT("'"&$A$1&"'!"&"J:J")),"חש-ל",(INDIRECT("'"&$A$1&"'!"&"H:H")),"מס הכנסה")+SUMIFS((INDIRECT("'"&$A$1&"'!"&"G:G")),(INDIRECT("'"&$A$1&"'!"&"J:J")),"חש-ל",(INDIRECT("'"&$A$1&"'!"&"H:H")),"קרן השתלמות") -> 5527.61 | G9: 106 | H9: קופ"ח + משלים | I9: =_xlfn.XLOOKUP(H9,Dropdown!B:B,Dropdown!C:C) -> בריאות וטיפולים | J9: העברה | P9: ילדים וחינוך | Q9: =SUMIFS($G:$G,$I:$I,$P9,$F:$F,"") -> 3885.72 | R9: =SUMIFS($G:$G,$I:$I,$P9,$F:$F, TEXT(R$5,"00") & "." & TEXT($A$1,"00")) -> 0 | S9: =SUMIFS($G:$G,$I:$I,$P9,$F:$F, TEXT(S$5,"00") & "." & TEXT($A$1,"00")) -> 150 | T9: =SUMIFS($G:$G,$I:$I,$P9,$F:$F, TEXT(T$5,"00") & "." & TEXT($A$1,"00")) -> 0 | U9: =SUMIFS($G:$G,$I:$I,$P9,$F:$F, TEXT(U$5,"00") & "." & TEXT($A$1,"00")) -> 0 | V9: =SUMIFS($G:$G,$I:$I,$P9,$F:$F, TEXT(V$5,"00") & "." & TEXT($A$1,"00")) -> 0 | W9: =SUMIFS($G:$G,$I:$I,$P9,$F:$F, TEXT(W$5,"00") & "." & TEXT($A$1,"00")) -> 0 | X9: =SUMIFS($G:$G,$I:$I,$P9,$F:$F, TEXT(X$5,"00") & "." & TEXT($A$1,"00")) -> 0 | Y9: =SUMIFS($G:$G,$I:$I,$P9,$F:$F, TEXT(Y$5,"00") & "." & TEXT($A$1,"00")) -> 0 | ... AV9: =SUMIFS($G:$G,$I:$I,$P9,$F:$F, TEXT(AV$5,"00") & "." & TEXT($A$1,"00")) -> 0 | AW9: =SUM(Q9:AV9) -> 4379.72
B10: אחר | C10: =454.3-146 -> 308.3 | G10: 366 | H10: ביטוח בריאות פרטי | I10: =_xlfn.XLOOKUP(H10,Dropdown!B:B,Dropdown!C:C) -> בריאות וטיפולים | J10: העברה | P10: תרבות ופנאי | Q10: =SUMIFS($G:$G,$I:$I,$P10,$F:$F,"") -> 0 | R10: =SUMIFS($G:$G,$I:$I,$P10,$F:$F, TEXT(R$5,"00") & "." & TEXT($A$1,"00")) -> 0 | S10: =SUMIFS($G:$G,$I:$I,$P10,$F:$F, TEXT(S$5,"00") & "." & TEXT($A$1,"00")) -> 344.9 | T10: =SUMIFS($G:$G,$I:$I,$P10,$F:$F, TEXT(T$5,"00") & "." & TEXT($A$1,"00")) -> 0 | U10: =SUMIFS($G:$G,$I:$I,$P10,$F:$F, TEXT(U$5,"00") & "." & TEXT($A$1,"00")) -> 0 | V10: =SUMIFS($G:$G,$I:$I,$P10,$F:$F, TEXT(V$5,"00") & "." & TEXT($A$1,"00")) -> 147 | W10: =SUMIFS($G:$G,$I:$I,$P10,$F:$F, TEXT(W$5,"00") & "." & TEXT($A$1,"00")) -> 401.26 | X10: =SUMIFS($G:$G,$I:$I,$P10,$F:$F, TEXT(X$5,"00") & "." & TEXT($A$1,"00")) -> 204 | Y10: =SUMIFS($G:$G,$I:$I,$P10,$F:$F, TEXT(Y$5,"00") & "." & TEXT($A$1,"00")) -> 0 | ... AV10: =SUMIFS($G:$G,$I:$I,$P10,$F:$F, TEXT(AV$5,"00") & "." & TEXT($A$1,"00")) -> 0 | AW10: =SUM(Q10:AV10) -> 2661.23
A11: תשלומים | B11: עמלות | C11: =SUMIFS((INDIRECT("'"&$A$1&"'!"&"G:G")),(INDIRECT("'"&$A$1&"'!"&"J:J")),"חש-ד",(INDIRECT("'"&$A$1&"'!"&"H:H")),"עמלות") -> 60 | D11: =SUMIFS((INDIRECT("'"&$A$1&"'!"&"G:G")),(INDIRECT("'"&$A$1&"'!"&"J:J")),"חש-ל",(INDIRECT("'"&$A$1&"'!"&"H:H")),"עמלות") -> 10 | G11: 100 | H11: ביטוח דירה | I11: =_xlfn.XLOOKUP(H11,Dropdown!B:B,Dropdown!C:C) -> תחזוקת דירה ותקשורת | J11: העברה | P11: בריאות וטיפולים | Q11: =SUMIFS($G:$G,$I:$I,$P11,$F:$F,"") -> 1455.55 | R11: =SUMIFS($G:$G,$I:$I,$P11,$F:$F, TEXT(R$5,"00") & "." & TEXT($A$1,"00")) -> 0 | S11: =SUMIFS($G:$G,$I:$I,$P11,$F:$F, TEXT(S$5,"00") & "." & TEXT($A$1,"00")) -> 0 | T11: =SUMIFS($G:$G,$I:$I,$P11,$F:$F, TEXT(T$5,"00") & "." & TEXT($A$1,"00")) -> 0 | U11: =SUMIFS($G:$G,$I:$I,$P11,$F:$F, TEXT(U$5,"00") & "." & TEXT($A$1,"00")) -> 0 | V11: =SUMIFS($G:$G,$I:$I,$P11,$F:$F, TEXT(V$5,"00") & "." & TEXT($A$1,"00")) -> 0 | W11: =SUMIFS($G:$G,$I:$I,$P11,$F:$F, TEXT(W$5,"00") & "." & TEXT($A$1,"00")) -> 90 | X11: =SUMIFS($G:$G,$I:$I,$P11,$F:$F, TEXT(X$5,"00") & "." & TEXT($A$1,"00")) -> 0 | Y11: =SUMIFS($G:$G,$I:$I,$P11,$F:$F, TEXT(Y$5,"00") & "." & TEXT($A$1,"00")) -> 157.74 | ... AV11: =SUMIFS($G:$G,$I:$I,$P11,$F:$F, TEXT(AV$5,"00") & "." & TEXT($A$1,"00")) -> 0 | AW11: =SUM(Q11:AV11) -> 1703.29
B12: העברה בין חשבונות | C12: =17700 -> 17700 | D12: =SUMIFS((INDIRECT("'"&$A$1&"'!"&"G:G")),(INDIRECT("'"&$A$1&"'!"&"J:J")),"חש-ל",(INDIRECT("'"&$A$1&"'!"&"H:H")),"משכורת") -> 15000 | G12: 600 | H12: מים | I12: =_xlfn.XLOOKUP(H12,Dropdown!B:B,Dropdown!C:C) -> תחזוקת דירה ותקשורת | J12: העברה | P12: ביטוחים ופיננסים | Q12: =SUMIFS($G:$G,$I:$I,$P12,$F:$F,"") -> 2945.01 | R12: =SUMIFS($G:$G,$I:$I,$P12,$F:$F, TEXT(R$5,"00") & "." & TEXT($A$1,"00")) -> 0 | S12: =SUMIFS($G:$G,$I:$I,$P12,$F:$F, TEXT(S$5,"00") & "." & TEXT($A$1,"00")) -> 0 | T12: =SUMIFS($G:$G,$I:$I,$P12,$F:$F, TEXT(T$5,"00") & "." & TEXT($A$1,"00")) -> 0 | U12: =SUMIFS($G:$G,$I:$I,$P12,$F:$F, TEXT(U$5,"00") & "." & TEXT($A$1,"00")) -> 0 | V12: =SUMIFS($G:$G,$I:$I,$P12,$F:$F, TEXT(V$5,"00") & "." & TEXT($A$1,"00")) -> 0 | W12: =SUMIFS($G:$G,$I:$I,$P12,$F:$F, TEXT(W$5,"00") & "." & TEXT($A$1,"00")) -> 60 | X12: =SUMIFS($G:$G,$I:$I,$P12,$F:$F, TEXT(X$5,"00") & "." & TEXT($A$1,"00")) -> 0 | Y12: =SUMIFS($G:$G,$I:$I,$P12,$F:$F, TEXT(Y$5,"00") & "." & TEXT($A$1,"00")) -> 0 | ... AV12: =SUMIFS($G:$G,$I:$I,$P12,$F:$F, TEXT(AV$5,"00") & "." & TEXT($A$1,"00")) -> 0 | AW12: =SUM(Q12:AV12) -> 3039.91
B13: העברה | C13: =145844.69+151512.89+202124.55+2360+24874 -> 526716.13 | G13: 205 | H13: חוגים וקייטנות | I13: =_xlfn.XLOOKUP(H13,Dropdown!B:B,Dropdown!C:C) -> ילדים וחינוך | J13: העברה | P13: עסק | Q13: =SUMIFS($G:$G,$I:$I,$P13,$F:$F,"") -> 47408.57 | R13: =SUMIFS($G:$G,$I:$I,$P13,$F:$F, TEXT(R$5,"00") & "." & TEXT($A$1,"00")) -> 0 | S13: =SUMIFS($G:$G,$I:$I,$P13,$F:$F, TEXT(S$5,"00") & "." & TEXT($A$1,"00")) -> 0 | T13: =SUMIFS($G:$G,$I:$I,$P13,$F:$F, TEXT(T$5,"00") & "." & TEXT($A$1,"00")) -> 0 | U13: =SUMIFS($G:$G,$I:$I,$P13,$F:$F, TEXT(U$5,"00") & "." & TEXT($A$1,"00")) -> 0 | V13: =SUMIFS($G:$G,$I:$I,$P13,$F:$F, TEXT(V$5,"00") & "." & TEXT($A$1,"00")) -> 0 | W13: =SUMIFS($G:$G,$I:$I,$P13,$F:$F, TEXT(W$5,"00") & "." & TEXT($A$1,"00")) -> 0 | X13: =SUMIFS($G:$G,$I:$I,$P13,$F:$F, TEXT(X$5,"00") & "." & TEXT($A$1,"00")) -> 0 | Y13: =SUMIFS($G:$G,$I:$I,$P13,$F:$F, TEXT(Y$5,"00") & "." & TEXT($A$1,"00")) -> 0 | ... AV13: =SUMIFS($G:$G,$I:$I,$P13,$F:$F, TEXT(AV$5,"00") & "." & TEXT($A$1,"00")) -> 0 | AW13: =SUM(Q13:AV13) -> 47408.57
A14: מזומן | B14: כספומט | C14: =806.95+700 -> 1506.95 | G14: 0 | H14: חוגים וקייטנות | I14: =_xlfn.XLOOKUP(H14,Dropdown!B:B,Dropdown!C:C) -> ילדים וחינוך | J14: העברה
A15: שחרור פקדון | C15: =-SUMIF(פקדונות!B:G,$A$1,פקדונות!E:E) -> 0 | D15: =-SUMIF(פקדונות!K:P,$A$1,פקדונות!N:N) -> 0 | G15: 874.81 | H15: משכנתא | I15: =_xlfn.XLOOKUP(H15,Dropdown!B:B,Dropdown!C:C) -> תחזוקת דירה ותקשורת | J15: חש-ד
A16: חסכון | B16: פקדון | C16: =SUMIF(פקדונות!B:G,$A$1,פקדונות!F:F) -> 500 | D16: =SUMIF(פקדונות!K:P,$A$1,פקדונות!O:O) -> 0 | G16: 576.49 | H16: משכנתא | I16: =_xlfn.XLOOKUP(H16,Dropdown!B:B,Dropdown!C:C) -> תחזוקת דירה ותקשורת | J16: חש-ד
A17: הוצאות עתידיות | G17: 0 | H17: משכנתא | I17: =_xlfn.XLOOKUP(H17,Dropdown!B:B,Dropdown!C:C) -> תחזוקת דירה ותקשורת | J17: חש-ד | P17: קטגוריה
A18: סך הוצאות | C18: =SUM(C2:C17) -> 586006.86 | D18: =SUM(D2:D17) -> 42871.56 | G18: 1046.08 | H18: חשמל | I18: =_xlfn.XLOOKUP(H18,Dropdown!B:B,Dropdown!C:C) -> תחזוקת דירה ותקשורת | J18: י-ק 2 | P18: מזון וקניות | Q18: קבוע | R18: 1 | S18: 2 | T18: 3 | U18: 4 | V18: 5 | W18: 6 | X18: 7 | Y18: 8 | Z18: 9 | AA18: 10 | AB18: 11 | AC18: 12 | AD18: 13 | AE18: 14 | AF18: 15 | AG18: 16 | AH18: 17 | AI18: 18 | AJ18: 19 | AK18: 20 | AL18: 21 | AM18: 22 | AN18: 23 | AO18: 24 | AP18: 25 | AQ18: 26 | AR18: 27 | AS18: 28 | AT18: 29 | AU18: 30 | AV18: 31 | AW18: סה"כ
G19: 99.82 | H19: כבלים | I19: =_xlfn.XLOOKUP(H19,Dropdown!B:B,Dropdown!C:C) -> תחזוקת דירה ותקשורת | J19: ל-ו 2 | P19: {=_xlfn._xlws.FILTER(Dropdown!$B:$B,Dropdown!$C:$C = $P$18)} -> מזון וטואלטיקה | Q19: =SUMIFS($G:$G,$H:$H,$P19,$F:$F,"") -> 0 | R19: =SUMIFS($G:$G,$H:$H,$P19,$F:$F,TEXT(R$5,"00") & "." & TEXT($A$1,"00")) -> 381.5 | S19: =SUMIFS($G:$G,$H:$H,$P19,$F:$F,TEXT(S$5,"00") & "." & TEXT($A$1,"00")) -> 717.16 | T19: =SUMIFS($G:$G,$H:$H,$P19,$F:$F,TEXT(T$5,"00") & "." & TEXT($A$1,"00")) -> 0 | U19: =SUMIFS($G:$G,$H:$H,$P19,$F:$F,TEXT(U$5,"00") & "." & TEXT($A$1,"00")) -> 0 | V19: =SUMIFS($G:$G,$H:$H,$P19,$F:$F,TEXT(V$5,"00") & "." & TEXT($A$1,"00")) -> 419.9 | W19: =SUMIFS($G:$G,$H:$H,$P19,$F:$F,TEXT(W$5,"00") & "." & TEXT($A$1,"00")) -> 64.5 | X19: =SUMIFS($G:$G,$H:$H,$P19,$F:$F,TEXT(X$5,"00") & "." & TEXT($A$1,"00")) -> 185.88 | Y19: =SUMIFS($G:$G,$H:$H,$P19,$F:$F,TEXT(Y$5,"00") & "." & TEXT($A$1,"00")) -> 752.68 | ... AV19: =SUMIFS($G:$G,$H:$H,$P19,$F:$F,TEXT(AV$5,"00") & "." & TEXT($A$1,"00")) -> 0 | AW19: =SUM(Q19:AV19) -> 7918.38
A20: הכנסות | B20: משכורת יניב | C20: 14893.76 | D20: =SUMIFS(עסק!AA:AA,עסק!Z:Z,$A$1,עסק!AC:AC,"צ'ק") -> 0 | G20: 69.9 | H20: כבלים | I20: =_xlfn.XLOOKUP(H20,Dropdown!B:B,Dropdown!C:C) -> תחזוקת דירה ותקשורת | J20: ל-ח 1 | P20: סיגריות | Q20: =SUMIFS($G:$G,$H:$H,$P20,$F:$F,"") -> 0 | R20: =SUMIFS($G:$G,$H:$H,$P20,$F:$F,TEXT(R$5,"00") & "." & TEXT($A$1,"00")) -> 0 | S20: =SUMIFS($G:$G,$H:$H,$P20,$F:$F,TEXT(S$5,"00") & "." & TEXT($A$1,"00")) -> 0 | T20: =SUMIFS($G:$G,$H:$H,$P20,$F:$F,TEXT(T$5,"00") & "." & TEXT($A$1,"00")) -> 0 | U20: =SUMIFS($G:$G,$H:$H,$P20,$F:$F,TEXT(U$5,"00") & "." & TEXT($A$1,"00")) -> 0 | V20: =SUMIFS($G:$G,$H:$H,$P20,$F:$F,TEXT(V$5,"00") & "." & TEXT($A$1,"00")) -> 0 | W20: =SUMIFS($G:$G,$H:$H,$P20,$F:$F,TEXT(W$5,"00") & "." & TEXT($A$1,"00")) -> 0 | X20: =SUMIFS($G:$G,$H:$H,$P20,$F:$F,TEXT(X$5,"00") & "." & TEXT($A$1,"00")) -> 0 | Y20: =SUMIFS($G:$G,$H:$H,$P20,$F:$F,TEXT(Y$5,"00") & "." & TEXT($A$1,"00")) -> 0 | ... AV20: =SUMIFS($G:$G,$H:$H,$P20,$F:$F,TEXT(AV$5,"00") & "." & TEXT($A$1,"00")) -> 0 | AW20: =SUM(Q20:AV20) -> 0
B21: משכורת לילי | C21: =SUMIFS((INDIRECT("'"&$A$1&"'!"&"G:G")),(INDIRECT("'"&$A$1&"'!"&"J:J")),"חש-ל",(INDIRECT("'"&$A$1&"'!"&"H:H")),"משכורת") -> 15000 | D21: =SUMIFS(עסק!E:E,עסק!D:D,$A$1,עסק!G:G,"העברה")+SUMIFS(עסק!E:E,עסק!D:D,$A$1,עסק!G:G,"צ'ק") -> 46926 | G21: 49.9 | H21: כבלים | I21: =_xlfn.XLOOKUP(H21,Dropdown!B:B,Dropdown!C:C) -> תחזוקת דירה ותקשורת | J21: ל-ח 1 | P21: טיפוח ויופי | Q21: =SUMIFS($G:$G,$H:$H,$P21,$F:$F,"") -> 0 | R21: =SUMIFS($G:$G,$H:$H,$P21,$F:$F,TEXT(R$5,"00") & "." & TEXT($A$1,"00")) -> 0 | S21: =SUMIFS($G:$G,$H:$H,$P21,$F:$F,TEXT(S$5,"00") & "." & TEXT($A$1,"00")) -> 0 | T21: =SUMIFS($G:$G,$H:$H,$P21,$F:$F,TEXT(T$5,"00") & "." & TEXT($A$1,"00")) -> 0 | U21: =SUMIFS($G:$G,$H:$H,$P21,$F:$F,TEXT(U$5,"00") & "." & TEXT($A$1,"00")) -> 0 | V21: =SUMIFS($G:$G,$H:$H,$P21,$F:$F,TEXT(V$5,"00") & "." & TEXT($A$1,"00")) -> 0 | W21: =SUMIFS($G:$G,$H:$H,$P21,$F:$F,TEXT(W$5,"00") & "." & TEXT($A$1,"00")) -> 0 | X21: =SUMIFS($G:$G,$H:$H,$P21,$F:$F,TEXT(X$5,"00") & "." & TEXT($A$1,"00")) -> 0 | Y21: =SUMIFS($G:$G,$H:$H,$P21,$F:$F,TEXT(Y$5,"00") & "." & TEXT($A$1,"00")) -> 80 | ... AV21: =SUMIFS($G:$G,$H:$H,$P21,$F:$F,TEXT(AV$5,"00") & "." & TEXT($A$1,"00")) -> 0 | AW21: =SUM(Q21:AV21) -> 430
B22: קצבה | C22: 276 | G22: 132.4 | H22: טלפונים ניידים | I22: =_xlfn.XLOOKUP(H22,Dropdown!B:B,Dropdown!C:C) -> תחזוקת דירה ותקשורת | J22: ל-ו 2 | P22: קוסמטיקה | Q22: =SUMIFS($G:$G,$H:$H,$P22,$F:$F,"") -> 0 | R22: =SUMIFS($G:$G,$H:$H,$P22,$F:$F,TEXT(R$5,"00") & "." & TEXT($A$1,"00")) -> 0 | S22: =SUMIFS($G:$G,$H:$H,$P22,$F:$F,TEXT(S$5,"00") & "." & TEXT($A$1,"00")) -> 0 | T22: =SUMIFS($G:$G,$H:$H,$P22,$F:$F,TEXT(T$5,"00") & "." & TEXT($A$1,"00")) -> 0 | U22: =SUMIFS($G:$G,$H:$H,$P22,$F:$F,TEXT(U$5,"00") & "." & TEXT($A$1,"00")) -> 0 | V22: =SUMIFS($G:$G,$H:$H,$P22,$F:$F,TEXT(V$5,"00") & "." & TEXT($A$1,"00")) -> 0 | W22: =SUMIFS($G:$G,$H:$H,$P22,$F:$F,TEXT(W$5,"00") & "." & TEXT($A$1,"00")) -> 0 | X22: =SUMIFS($G:$G,$H:$H,$P22,$F:$F,TEXT(X$5,"00") & "." & TEXT($A$1,"00")) -> 0 | Y22: =SUMIFS($G:$G,$H:$H,$P22,$F:$F,TEXT(Y$5,"00") & "." & TEXT($A$1,"00")) -> 0 | ... AV22: =SUMIFS($G:$G,$H:$H,$P22,$F:$F,TEXT(AV$5,"00") & "." & TEXT($A$1,"00")) -> 0 | AW22: =SUM(Q22:AV22) -> 0
B23: עסק | C23: =SUMIFS(עסק!$E:$E,עסק!$D:$D,$A$1,עסק!F:F,"כן",עסק!G:G,"ביט" )+SUMIFS(עסק!$AA:$AA,עסק!$Z:$Z,$A$1,עסק!AB:AB,"כן",עסק!AC:AC,"ביט" )+SUMIFS(עסק!AA:AA,עסק!Z:Z,$A$1,עסק!AC:AC,"העברה") -> 2920 | G23: 80.55 | H23: ביטוח בריאות פרטי | I23: =_xlfn.XLOOKUP(H23,[2]Dropdown!B:B,[2]Dropdown!C:C) -> בריאות וטיפולים | J23: ל-ו 2 | M23: מנורה | P23: ביגוד והנעלה | Q23: =SUMIFS($G:$G,$H:$H,$P23,$F:$F,"") -> 0 | R23: =SUMIFS($G:$G,$H:$H,$P23,$F:$F,TEXT(R$5,"00") & "." & TEXT($A$1,"00")) -> 0 | S23: =SUMIFS($G:$G,$H:$H,$P23,$F:$F,TEXT(S$5,"00") & "." & TEXT($A$1,"00")) -> 0 | T23: =SUMIFS($G:$G,$H:$H,$P23,$F:$F,TEXT(T$5,"00") & "." & TEXT($A$1,"00")) -> 0 | U23: =SUMIFS($G:$G,$H:$H,$P23,$F:$F,TEXT(U$5,"00") & "." & TEXT($A$1,"00")) -> 0 | V23: =SUMIFS($G:$G,$H:$H,$P23,$F:$F,TEXT(V$5,"00") & "." & TEXT($A$1,"00")) -> 0 | W23: =SUMIFS($G:$G,$H:$H,$P23,$F:$F,TEXT(W$5,"00") & "." & TEXT($A$1,"00")) -> 0 | X23: =SUMIFS($G:$G,$H:$H,$P23,$F:$F,TEXT(X$5,"00") & "." & TEXT($A$1,"00")) -> 729.2 | Y23: =SUMIFS($G:$G,$H:$H,$P23,$F:$F,TEXT(Y$5,"00") & "." & TEXT($A$1,"00")) -> 0 | ... AV23: =SUMIFS($G:$G,$H:$H,$P23,$F:$F,TEXT(AV$5,"00") & "." & TEXT($A$1,"00")) -> 0 | AW23: =SUM(Q23:AV23) -> 1038.5
A24: סה"כ | C24: =SUM(C20:C23) -> 33089.76 | D24: =SUM(D20:D23) -> 46926 | G24: 29.96 | H24: ביטוח בריאות פרטי | I24: =_xlfn.XLOOKUP(H24,[2]Dropdown!B:B,[2]Dropdown!C:C) -> בריאות וטיפולים | J24: ל-ו 2 | M24: כלל | P24: קניות שונות | Q24: =SUMIFS($G:$G,$H:$H,$P24,$F:$F,"") -> 0 | R24: =SUMIFS($G:$G,$H:$H,$P24,$F:$F,TEXT(R$5,"00") & "." & TEXT($A$1,"00")) -> 0 | S24: =SUMIFS($G:$G,$H:$H,$P24,$F:$F,TEXT(S$5,"00") & "." & TEXT($A$1,"00")) -> 0 | T24: =SUMIFS($G:$G,$H:$H,$P24,$F:$F,TEXT(T$5,"00") & "." & TEXT($A$1,"00")) -> 0 | U24: =SUMIFS($G:$G,$H:$H,$P24,$F:$F,TEXT(U$5,"00") & "." & TEXT($A$1,"00")) -> 200 | V24: =SUMIFS($G:$G,$H:$H,$P24,$F:$F,TEXT(V$5,"00") & "." & TEXT($A$1,"00")) -> 0 | W24: =SUMIFS($G:$G,$H:$H,$P24,$F:$F,TEXT(W$5,"00") & "." & TEXT($A$1,"00")) -> 0 | X24: =SUMIFS($G:$G,$H:$H,$P24,$F:$F,TEXT(X$5,"00") & "." & TEXT($A$1,"00")) -> 339.12 | Y24: =SUMIFS($G:$G,$H:$H,$P24,$F:$F,TEXT(Y$5,"00") & "." & TEXT($A$1,"00")) -> 50.05 | ... AV24: =SUMIFS($G:$G,$H:$H,$P24,$F:$F,TEXT(AV$5,"00") & "." & TEXT($A$1,"00")) -> 0 | AW24: =SUM(Q24:AV24) -> 3729.34
A25: אחרות | B25: אחרות | D25: =SUMIFS(עסק!E:E,עסק!D:D,A1,עסק!G:G,"מזומן")+SUMIFS(עסק!E:E,עסק!D:D,A1,עסק!G:G,"ביט")+SUMIFS(עסק!AA:AA,עסק!Z:Z,A1,עסק!AC:AC,"מזומן")+SUMIFS(עסק!AA:AA,עסק!Z:Z,A1,עסק!AC:AC,"ביט") -> 2920 | G25: 10.42 | H25: ביטוח בריאות פרטי | I25: =_xlfn.XLOOKUP(H25,[2]Dropdown!B:B,[2]Dropdown!C:C) -> בריאות וטיפולים | J25: ל-ו 2 | M25: הראל | P25: מזומן ללא מעקב | Q25: =SUMIFS($G:$G,$H:$H,$P25,$F:$F,"") -> 0 | R25: =SUMIFS($G:$G,$H:$H,$P25,$F:$F,TEXT(R$5,"00") & "." & TEXT($A$1,"00")) -> 0 | S25: =SUMIFS($G:$G,$H:$H,$P25,$F:$F,TEXT(S$5,"00") & "." & TEXT($A$1,"00")) -> 0 | T25: =SUMIFS($G:$G,$H:$H,$P25,$F:$F,TEXT(T$5,"00") & "." & TEXT($A$1,"00")) -> 0 | U25: =SUMIFS($G:$G,$H:$H,$P25,$F:$F,TEXT(U$5,"00") & "." & TEXT($A$1,"00")) -> 0 | V25: =SUMIFS($G:$G,$H:$H,$P25,$F:$F,TEXT(V$5,"00") & "." & TEXT($A$1,"00")) -> 0 | W25: =SUMIFS($G:$G,$H:$H,$P25,$F:$F,TEXT(W$5,"00") & "." & TEXT($A$1,"00")) -> 0 | X25: =SUMIFS($G:$G,$H:$H,$P25,$F:$F,TEXT(X$5,"00") & "." & TEXT($A$1,"00")) -> 0 | Y25: =SUMIFS($G:$G,$H:$H,$P25,$F:$F,TEXT(Y$5,"00") & "." & TEXT($A$1,"00")) -> 0 | ... AV25: =SUMIFS($G:$G,$H:$H,$P25,$F:$F,TEXT(AV$5,"00") & "." & TEXT($A$1,"00")) -> 0 | AW25: =SUM(Q25:AV25) -> 0
A26: סך הכנסות | C26: =SUM(C24:C25) -> 33089.76 | D26: =SUM(D24:D25) -> 49846 | G26: 53.91 | H26: ביטוח בריאות פרטי | I26: =_xlfn.XLOOKUP(H26,[2]Dropdown!B:B,[2]Dropdown!C:C) -> בריאות וטיפולים | J26: ל-ו 2 | M26: הראל | P26: בר מים | Q26: =SUMIFS($G:$G,$H:$H,$P26,$F:$F,"") -> 0 | R26: =SUMIFS($G:$G,$H:$H,$P26,$F:$F,TEXT(R$5,"00") & "." & TEXT($A$1,"00")) -> 0 | S26: =SUMIFS($G:$G,$H:$H,$P26,$F:$F,TEXT(S$5,"00") & "." & TEXT($A$1,"00")) -> 0 | T26: =SUMIFS($G:$G,$H:$H,$P26,$F:$F,TEXT(T$5,"00") & "." & TEXT($A$1,"00")) -> 0 | U26: =SUMIFS($G:$G,$H:$H,$P26,$F:$F,TEXT(U$5,"00") & "." & TEXT($A$1,"00")) -> 0 | V26: =SUMIFS($G:$G,$H:$H,$P26,$F:$F,TEXT(V$5,"00") & "." & TEXT($A$1,"00")) -> 0 | W26: =SUMIFS($G:$G,$H:$H,$P26,$F:$F,TEXT(W$5,"00") & "." & TEXT($A$1,"00")) -> 0 | X26: =SUMIFS($G:$G,$H:$H,$P26,$F:$F,TEXT(X$5,"00") & "." & TEXT($A$1,"00")) -> 0 | Y26: =SUMIFS($G:$G,$H:$H,$P26,$F:$F,TEXT(Y$5,"00") & "." & TEXT($A$1,"00")) -> 0 | ... AV26: =SUMIFS($G:$G,$H:$H,$P26,$F:$F,TEXT(AV$5,"00") & "." & TEXT($A$1,"00")) -> 0 | AW26: =SUM(Q26:AV26) -> 0
G27: 259.74 | H27: ביטוח בריאות פרטי | I27: =_xlfn.XLOOKUP(H27,[2]Dropdown!B:B,[2]Dropdown!C:C) -> בריאות וטיפולים | J27: ל-ו 2 | M27: הראל | P27: מכשירים | Q27: =SUMIFS($G:$G,$H:$H,$P27,$F:$F,"") -> 2322.13 | R27: =SUMIFS($G:$G,$H:$H,$P27,$F:$F,TEXT(R$5,"00") & "." & TEXT($A$1,"00")) -> 0 | S27: =SUMIFS($G:$G,$H:$H,$P27,$F:$F,TEXT(S$5,"00") & "." & TEXT($A$1,"00")) -> 0 | T27: =SUMIFS($G:$G,$H:$H,$P27,$F:$F,TEXT(T$5,"00") & "." & TEXT($A$1,"00")) -> 0 | U27: =SUMIFS($G:$G,$H:$H,$P27,$F:$F,TEXT(U$5,"00") & "." & TEXT($A$1,"00")) -> 0 | V27: =SUMIFS($G:$G,$H:$H,$P27,$F:$F,TEXT(V$5,"00") & "." & TEXT($A$1,"00")) -> 0 | W27: =SUMIFS($G:$G,$H:$H,$P27,$F:$F,TEXT(W$5,"00") & "." & TEXT($A$1,"00")) -> 0 | X27: =SUMIFS($G:$G,$H:$H,$P27,$F:$F,TEXT(X$5,"00") & "." & TEXT($A$1,"00")) -> 0 | Y27: =SUMIFS($G:$G,$H:$H,$P27,$F:$F,TEXT(Y$5,"00") & "." & TEXT($A$1,"00")) -> 0 | ... AV27: =SUMIFS($G:$G,$H:$H,$P27,$F:$F,TEXT(AV$5,"00") & "." & TEXT($A$1,"00")) -> 0 | AW27: =SUM(Q27:AV27) -> 2322.13
A28: מצב חשבון | B28: יתרה חודש קודם | C28: ='1225'!C29 -> 623468.68 | D28: ='1225'!D29 -> 6076.95 | G28: 275.38 | H28: קופ"ח + משלים | I28: =_xlfn.XLOOKUP(H28,[2]Dropdown!B:B,[2]Dropdown!C:C) -> בריאות וטיפולים | J28: ל-ו 2 | M28: כללית | P28: הוצאות לעסק | Q28: =SUMIFS($G:$G,$H:$H,$P28,$F:$F,"") -> 0 | R28: =SUMIFS($G:$G,$H:$H,$P28,$F:$F,TEXT(R$5,"00") & "." & TEXT($A$1,"00")) -> 0 | S28: =SUMIFS($G:$G,$H:$H,$P28,$F:$F,TEXT(S$5,"00") & "." & TEXT($A$1,"00")) -> 0 | T28: =SUMIFS($G:$G,$H:$H,$P28,$F:$F,TEXT(T$5,"00") & "." & TEXT($A$1,"00")) -> 0 | U28: =SUMIFS($G:$G,$H:$H,$P28,$F:$F,TEXT(U$5,"00") & "." & TEXT($A$1,"00")) -> 0 | V28: =SUMIFS($G:$G,$H:$H,$P28,$F:$F,TEXT(V$5,"00") & "." & TEXT($A$1,"00")) -> 0 | W28: =SUMIFS($G:$G,$H:$H,$P28,$F:$F,TEXT(W$5,"00") & "." & TEXT($A$1,"00")) -> 0 | X28: =SUMIFS($G:$G,$H:$H,$P28,$F:$F,TEXT(X$5,"00") & "." & TEXT($A$1,"00")) -> 0 | Y28: =SUMIFS($G:$G,$H:$H,$P28,$F:$F,TEXT(Y$5,"00") & "." & TEXT($A$1,"00")) -> 0 | ... AV28: =SUMIFS($G:$G,$H:$H,$P28,$F:$F,TEXT(AV$5,"00") & "." & TEXT($A$1,"00")) -> 0 | AW28: =SUM(Q28:AV28) -> 0
B29: מצב עדכני | C29: =C28+C24-C18 -> 70551.58 | D29: =D28+D24-D18 -> 10131.39 | E29: =C29-D38 -> -45483.53 | G29: 273.59 | H29: ביטוח בריאות פרטי | I29: =_xlfn.XLOOKUP(H29,[2]Dropdown!B:B,[2]Dropdown!C:C) -> בריאות וטיפולים | J29: י-ק 2 | P29: מנויים | Q29: =SUMIFS($G:$G,$H:$H,$P29,$F:$F,"") -> 175.2 | R29: =SUMIFS($G:$G,$H:$H,$P29,$F:$F,TEXT(R$5,"00") & "." & TEXT($A$1,"00")) -> 0 | S29: =SUMIFS($G:$G,$H:$H,$P29,$F:$F,TEXT(S$5,"00") & "." & TEXT($A$1,"00")) -> 0 | T29: =SUMIFS($G:$G,$H:$H,$P29,$F:$F,TEXT(T$5,"00") & "." & TEXT($A$1,"00")) -> 0 | U29: =SUMIFS($G:$G,$H:$H,$P29,$F:$F,TEXT(U$5,"00") & "." & TEXT($A$1,"00")) -> 0 | V29: =SUMIFS($G:$G,$H:$H,$P29,$F:$F,TEXT(V$5,"00") & "." & TEXT($A$1,"00")) -> 0 | W29: =SUMIFS($G:$G,$H:$H,$P29,$F:$F,TEXT(W$5,"00") & "." & TEXT($A$1,"00")) -> 0 | X29: =SUMIFS($G:$G,$H:$H,$P29,$F:$F,TEXT(X$5,"00") & "." & TEXT($A$1,"00")) -> 0 | Y29: =SUMIFS($G:$G,$H:$H,$P29,$F:$F,TEXT(Y$5,"00") & "." & TEXT($A$1,"00")) -> 0 | ... AV29: =SUMIFS($G:$G,$H:$H,$P29,$F:$F,TEXT(AV$5,"00") & "." & TEXT($A$1,"00")) -> 0 | AW29: =SUM(Q29:AV29) -> 175.2
A30: אשראי | B30: יתרת אשראי | C30: =SUM(Data!$B$2+C29) -> 105551.58 | D30: =SUM(Data!$B$3+D29) -> 20131.39 | G30: 191.94 | H30: ביטוחי חיים (ריסק) | I30: =_xlfn.XLOOKUP(H30,[2]Dropdown!B:B,[2]Dropdown!C:C) -> ביטוחים ופיננסים | J30: י-ק 2 | P30: תוכנות מחשב | Q30: =SUMIFS($G:$G,$H:$H,$P30,$F:$F,"") -> 0 | R30: =SUMIFS($G:$G,$H:$H,$P30,$F:$F,TEXT(R$5,"00") & "." & TEXT($A$1,"00")) -> 0 | S30: =SUMIFS($G:$G,$H:$H,$P30,$F:$F,TEXT(S$5,"00") & "." & TEXT($A$1,"00")) -> 0 | T30: =SUMIFS($G:$G,$H:$H,$P30,$F:$F,TEXT(T$5,"00") & "." & TEXT($A$1,"00")) -> 0 | U30: =SUMIFS($G:$G,$H:$H,$P30,$F:$F,TEXT(U$5,"00") & "." & TEXT($A$1,"00")) -> 0 | V30: =SUMIFS($G:$G,$H:$H,$P30,$F:$F,TEXT(V$5,"00") & "." & TEXT($A$1,"00")) -> 0 | W30: =SUMIFS($G:$G,$H:$H,$P30,$F:$F,TEXT(W$5,"00") & "." & TEXT($A$1,"00")) -> 0 | X30: =SUMIFS($G:$G,$H:$H,$P30,$F:$F,TEXT(X$5,"00") & "." & TEXT($A$1,"00")) -> 0 | Y30: =SUMIFS($G:$G,$H:$H,$P30,$F:$F,TEXT(Y$5,"00") & "." & TEXT($A$1,"00")) -> 0 | ... AV30: =SUMIFS($G:$G,$H:$H,$P30,$F:$F,TEXT(AV$5,"00") & "." & TEXT($A$1,"00")) -> 0 | AW30: =SUM(Q30:AV30) -> 0
A31: יתרה | B31: רווח/הפסד | C31: =SUM(C29+C16-C28+C15) -> -552417.1 | D31: =SUM(D29+D16-D28) -> 4054.44 | G31: 278.04 | H31: ביטוחי חיים (ריסק) | I31: =_xlfn.XLOOKUP(H31,[2]Dropdown!B:B,[2]Dropdown!C:C) -> ביטוחים ופיננסים | J31: ל-ו 2 | M31: הראל | Q31: =SUMIFS($G:$G,$H:$H,$P31,$F:$F,"") -> 0 | R31: =SUMIFS($G:$G,$H:$H,$P31,$F:$F,TEXT(R$5,"00") & "." & TEXT($A$1,"00")) -> 0 | S31: =SUMIFS($G:$G,$H:$H,$P31,$F:$F,TEXT(S$5,"00") & "." & TEXT($A$1,"00")) -> 0 | T31: =SUMIFS($G:$G,$H:$H,$P31,$F:$F,TEXT(T$5,"00") & "." & TEXT($A$1,"00")) -> 0 | U31: =SUMIFS($G:$G,$H:$H,$P31,$F:$F,TEXT(U$5,"00") & "." & TEXT($A$1,"00")) -> 0 | V31: =SUMIFS($G:$G,$H:$H,$P31,$F:$F,TEXT(V$5,"00") & "." & TEXT($A$1,"00")) -> 0 | W31: =SUMIFS($G:$G,$H:$H,$P31,$F:$F,TEXT(W$5,"00") & "." & TEXT($A$1,"00")) -> 0 | X31: =SUMIFS($G:$G,$H:$H,$P31,$F:$F,TEXT(X$5,"00") & "." & TEXT($A$1,"00")) -> 0 | Y31: =SUMIFS($G:$G,$H:$H,$P31,$F:$F,TEXT(Y$5,"00") & "." & TEXT($A$1,"00")) -> 0 | ... AV31: =SUMIFS($G:$G,$H:$H,$P31,$F:$F,TEXT(AV$5,"00") & "." & TEXT($A$1,"00")) -> 0 | AW31: =SUM(Q31:AV31) -> 0
B32: יתרה חודשית | C32: =C24-C18 -> -552917.1 | D32: =D24-D18 -> 4054.44 | G32: 63.43 | H32: ביטוחי חיים (ריסק) | I32: =_xlfn.XLOOKUP(H32,[2]Dropdown!B:B,[2]Dropdown!C:C) -> ביטוחים ופיננסים | J32: ל-ו 2 | M32: הראל | Q32: =SUMIFS($G:$G,$H:$H,$P32,$F:$F,"") -> 0 | R32: =SUMIFS($G:$G,$H:$H,$P32,$F:$F,TEXT(R$5,"00") & "." & TEXT($A$1,"00")) -> 0 | S32: =SUMIFS($G:$G,$H:$H,$P32,$F:$F,TEXT(S$5,"00") & "." & TEXT($A$1,"00")) -> 0 | T32: =SUMIFS($G:$G,$H:$H,$P32,$F:$F,TEXT(T$5,"00") & "." & TEXT($A$1,"00")) -> 0 | U32: =SUMIFS($G:$G,$H:$H,$P32,$F:$F,TEXT(U$5,"00") & "." & TEXT($A$1,"00")) -> 0 | V32: =SUMIFS($G:$G,$H:$H,$P32,$F:$F,TEXT(V$5,"00") & "." & TEXT($A$1,"00")) -> 0 | W32: =SUMIFS($G:$G,$H:$H,$P32,$F:$F,TEXT(W$5,"00") & "." & TEXT($A$1,"00")) -> 0 | X32: =SUMIFS($G:$G,$H:$H,$P32,$F:$F,TEXT(X$5,"00") & "." & TEXT($A$1,"00")) -> 0 | Y32: =SUMIFS($G:$G,$H:$H,$P32,$F:$F,TEXT(Y$5,"00") & "." & TEXT($A$1,"00")) -> 0 | ... AV32: =SUMIFS($G:$G,$H:$H,$P32,$F:$F,TEXT(AV$5,"00") & "." & TEXT($A$1,"00")) -> 0 | AW32: =SUM(Q32:AV32) -> 0
G33: 71.21 | H33: ביטוחי חיים (ריסק) | I33: =_xlfn.XLOOKUP(H33,[2]Dropdown!B:B,[2]Dropdown!C:C) -> ביטוחים ופיננסים | J33: ל-ו 2 | M33: הראל | Q33: =SUMIFS($G:$G,$H:$H,$P33,$F:$F,"") -> 0 | R33: =SUMIFS($G:$G,$H:$H,$P33,$F:$F,TEXT(R$5,"00") & "." & TEXT($A$1,"00")) -> 0 | S33: =SUMIFS($G:$G,$H:$H,$P33,$F:$F,TEXT(S$5,"00") & "." & TEXT($A$1,"00")) -> 0 | T33: =SUMIFS($G:$G,$H:$H,$P33,$F:$F,TEXT(T$5,"00") & "." & TEXT($A$1,"00")) -> 0 | U33: =SUMIFS($G:$G,$H:$H,$P33,$F:$F,TEXT(U$5,"00") & "." & TEXT($A$1,"00")) -> 0 | V33: =SUMIFS($G:$G,$H:$H,$P33,$F:$F,TEXT(V$5,"00") & "." & TEXT($A$1,"00")) -> 0 | W33: =SUMIFS($G:$G,$H:$H,$P33,$F:$F,TEXT(W$5,"00") & "." & TEXT($A$1,"00")) -> 0 | X33: =SUMIFS($G:$G,$H:$H,$P33,$F:$F,TEXT(X$5,"00") & "." & TEXT($A$1,"00")) -> 0 | Y33: =SUMIFS($G:$G,$H:$H,$P33,$F:$F,TEXT(Y$5,"00") & "." & TEXT($A$1,"00")) -> 0 | ... AV33: =SUMIFS($G:$G,$H:$H,$P33,$F:$F,TEXT(AV$5,"00") & "." & TEXT($A$1,"00")) -> 0 | AW33: =SUM(Q33:AV33) -> 0
C34: החזר חודשי | D34: יתרה | G34: 98.06 | H34: ביטוחי חיים (ריסק) | I34: =_xlfn.XLOOKUP(H34,[2]Dropdown!B:B,[2]Dropdown!C:C) -> ביטוחים ופיננסים | J34: ל-ו 2 | M34: הראל | Q34: =SUMIFS($G:$G,$H:$H,$P34,$F:$F,"") -> 0 | R34: =SUMIFS($G:$G,$H:$H,$P34,$F:$F,TEXT(R$5,"00") & "." & TEXT($A$1,"00")) -> 0 | S34: =SUMIFS($G:$G,$H:$H,$P34,$F:$F,TEXT(S$5,"00") & "." & TEXT($A$1,"00")) -> 0 | T34: =SUMIFS($G:$G,$H:$H,$P34,$F:$F,TEXT(T$5,"00") & "." & TEXT($A$1,"00")) -> 0 | U34: =SUMIFS($G:$G,$H:$H,$P34,$F:$F,TEXT(U$5,"00") & "." & TEXT($A$1,"00")) -> 0 | V34: =SUMIFS($G:$G,$H:$H,$P34,$F:$F,TEXT(V$5,"00") & "." & TEXT($A$1,"00")) -> 0 | W34: =SUMIFS($G:$G,$H:$H,$P34,$F:$F,TEXT(W$5,"00") & "." & TEXT($A$1,"00")) -> 0 | X34: =SUMIFS($G:$G,$H:$H,$P34,$F:$F,TEXT(X$5,"00") & "." & TEXT($A$1,"00")) -> 0 | Y34: =SUMIFS($G:$G,$H:$H,$P34,$F:$F,TEXT(Y$5,"00") & "." & TEXT($A$1,"00")) -> 0 | ... AV34: =SUMIFS($G:$G,$H:$H,$P34,$F:$F,TEXT(AV$5,"00") & "." & TEXT($A$1,"00")) -> 0 | AW34: =SUM(Q34:AV34) -> 0
A35: הלוואות | B35: אדי ויידה | D35: ='1225'!D35-C35 -> 58550 | G35: 0 | H35: ביטוחי חיים (ריסק) | I35: =_xlfn.XLOOKUP(H35,[2]Dropdown!B:B,[2]Dropdown!C:C) -> ביטוחים ופיננסים | J35: ל-ו 2 | M35: מגדל | Q35: =SUMIFS($G:$G,$H:$H,$P35,$F:$F,"") -> 0 | R35: =SUMIFS($G:$G,$H:$H,$P35,$F:$F,TEXT(R$5,"00") & "." & TEXT($A$1,"00")) -> 0 | S35: =SUMIFS($G:$G,$H:$H,$P35,$F:$F,TEXT(S$5,"00") & "." & TEXT($A$1,"00")) -> 0 | T35: =SUMIFS($G:$G,$H:$H,$P35,$F:$F,TEXT(T$5,"00") & "." & TEXT($A$1,"00")) -> 0 | U35: =SUMIFS($G:$G,$H:$H,$P35,$F:$F,TEXT(U$5,"00") & "." & TEXT($A$1,"00")) -> 0 | V35: =SUMIFS($G:$G,$H:$H,$P35,$F:$F,TEXT(V$5,"00") & "." & TEXT($A$1,"00")) -> 0 | W35: =SUMIFS($G:$G,$H:$H,$P35,$F:$F,TEXT(W$5,"00") & "." & TEXT($A$1,"00")) -> 0 | X35: =SUMIFS($G:$G,$H:$H,$P35,$F:$F,TEXT(X$5,"00") & "." & TEXT($A$1,"00")) -> 0 | Y35: =SUMIFS($G:$G,$H:$H,$P35,$F:$F,TEXT(Y$5,"00") & "." & TEXT($A$1,"00")) -> 0 | ... AV35: =SUMIFS($G:$G,$H:$H,$P35,$F:$F,TEXT(AV$5,"00") & "." & TEXT($A$1,"00")) -> 0 | AW35: =SUM(Q35:AV35) -> 0
B36: סבא | D36: ='1225'!D36-C36 -> 136176 | G36: =SUMIF(פקדונות!B:G,$A$1,פקדונות!F:F) -> 500 | H36: תוכניות חסכון | I36: =_xlfn.XLOOKUP(H36,Dropdown!B:B,Dropdown!C:C) -> ביטוחים ופיננסים | J36: חש-ד | Q36: =SUMIFS($G:$G,$H:$H,$P36,$F:$F,"") -> 0 | R36: =SUMIFS($G:$G,$H:$H,$P36,$F:$F,TEXT(R$5,"00") & "." & TEXT($A$1,"00")) -> 0 | S36: =SUMIFS($G:$G,$H:$H,$P36,$F:$F,TEXT(S$5,"00") & "." & TEXT($A$1,"00")) -> 0 | T36: =SUMIFS($G:$G,$H:$H,$P36,$F:$F,TEXT(T$5,"00") & "." & TEXT($A$1,"00")) -> 0 | U36: =SUMIFS($G:$G,$H:$H,$P36,$F:$F,TEXT(U$5,"00") & "." & TEXT($A$1,"00")) -> 0 | V36: =SUMIFS($G:$G,$H:$H,$P36,$F:$F,TEXT(V$5,"00") & "." & TEXT($A$1,"00")) -> 0 | W36: =SUMIFS($G:$G,$H:$H,$P36,$F:$F,TEXT(W$5,"00") & "." & TEXT($A$1,"00")) -> 0 | X36: =SUMIFS($G:$G,$H:$H,$P36,$F:$F,TEXT(X$5,"00") & "." & TEXT($A$1,"00")) -> 0 | Y36: =SUMIFS($G:$G,$H:$H,$P36,$F:$F,TEXT(Y$5,"00") & "." & TEXT($A$1,"00")) -> 0 | ... AV36: =SUMIFS($G:$G,$H:$H,$P36,$F:$F,TEXT(AV$5,"00") & "." & TEXT($A$1,"00")) -> 0 | AW36: =SUM(Q36:AV36) -> 0
G37: =454.3 -> 454.3 | H37: עוזרת בית | I37: =_xlfn.XLOOKUP(H37,Dropdown!B:B,Dropdown!C:C) -> תחזוקת דירה ותקשורת | J37: חש-ד | Q37: =SUMIFS($G:$G,$H:$H,$P37,$F:$F,"") -> 0 | R37: =SUMIFS($G:$G,$H:$H,$P37,$F:$F,TEXT(R$5,"00") & "." & TEXT($A$1,"00")) -> 0 | S37: =SUMIFS($G:$G,$H:$H,$P37,$F:$F,TEXT(S$5,"00") & "." & TEXT($A$1,"00")) -> 0 | T37: =SUMIFS($G:$G,$H:$H,$P37,$F:$F,TEXT(T$5,"00") & "." & TEXT($A$1,"00")) -> 0 | U37: =SUMIFS($G:$G,$H:$H,$P37,$F:$F,TEXT(U$5,"00") & "." & TEXT($A$1,"00")) -> 0 | V37: =SUMIFS($G:$G,$H:$H,$P37,$F:$F,TEXT(V$5,"00") & "." & TEXT($A$1,"00")) -> 0 | W37: =SUMIFS($G:$G,$H:$H,$P37,$F:$F,TEXT(W$5,"00") & "." & TEXT($A$1,"00")) -> 0 | X37: =SUMIFS($G:$G,$H:$H,$P37,$F:$F,TEXT(X$5,"00") & "." & TEXT($A$1,"00")) -> 0 | Y37: =SUMIFS($G:$G,$H:$H,$P37,$F:$F,TEXT(Y$5,"00") & "." & TEXT($A$1,"00")) -> 0 | ... AV37: =SUMIFS($G:$G,$H:$H,$P37,$F:$F,TEXT(AV$5,"00") & "." & TEXT($A$1,"00")) -> 0 | AW37: =SUM(Q37:AV37) -> 0
B38: ='1225'!D38 -> 633217.24 | C38: =145844.69+151512.89+202124.55+17700 -> 517182.13 | D38: ='1225'!D38-C38 -> 116035.11 | G38: 15000 | H38: משכורת | I38: =_xlfn.XLOOKUP(H38,Dropdown!B:B,Dropdown!C:C) -> עסק | J38: חש-ל
C39: =SUM(C35:C38) -> 517182.13 | D39: =SUM(D35:D38) -> 310761.11 | G39: 3217.61 | H39: פנסיה | I39: =_xlfn.XLOOKUP(H39,Dropdown!B:B,Dropdown!C:C) -> עסק | J39: חש-ל
G40: 13003 | H40: מע"מ | I40: =_xlfn.XLOOKUP(H40,Dropdown!B:B,Dropdown!C:C) -> עסק | J40: ל-פ 2
A41: ריכוז נתונים | C41: פניות במסגרת אשראי | G41: 6054 | H41: מס הכנסה | I41: =_xlfn.XLOOKUP(H41,Dropdown!B:B,Dropdown!C:C) -> עסק | J41: ל-פ 2
A42: בלת"מ | B42: =SUMIF((INDIRECT("'"&$A$1&"'!"&"N:N")),"<>",(INDIRECT("'"&$A$1&"'!"&"G:G"))) -> 0 | C42: לילי ויזה | D42: =49000-SUM(C2:C3) -> 21174.11 | G42: 4794 | H42: ביטוח לאומי | I42: =_xlfn.XLOOKUP(H42,Dropdown!B:B,Dropdown!C:C) -> עסק | J42: ל-פ 2 | P42: מצב חשבון | Q42: רגיל | R42: בנייה
A43: תשלומים | B43: =SUMIF((INDIRECT("'"&$A$1&"'!"&"K:K")),"<>",(INDIRECT("'"&$A$1&"'!"&"G:G"))) -> 16676.14 | C43: יניב כאל | D43: =50000-C4 -> 43270.11 | G43: 600 | H43: רו"ח | I43: =_xlfn.XLOOKUP(H43,Dropdown!B:B,Dropdown!C:C) -> עסק | J43: חש-ל | P43: חודש קודם | Q43: ='1225'!Q46 -> -29948.56 | R43: ='1225'!R46 -> 652812.24
A44: החזר הלוואות | B44: =SUMIF((INDIRECT("'"&$A$1&"'!"&"H:H")),A44,(INDIRECT("'"&$A$1&"'!"&"G:G"))) -> 0 | C44: לילי פלייקארד | D44: =50000-D4 -> 27666.05 | G44: 1710 | H44: קרן השתלמות | I44: =_xlfn.XLOOKUP(H44,Dropdown!B:B,Dropdown!C:C) -> עסק | J44: חש-ל | P44: הכנסות | Q44: =C24 -> 33089.76 | R44: 0
A45: פקדון | B45: =SUMIF((INDIRECT("'"&$A$1&"'!"&"H:H")),"תוכניות חסכון",(INDIRECT("'"&$A$1&"'!"&"G:G")))+C15 -> 500 | G45: 43.9 | H45: מנויים | I45: =_xlfn.XLOOKUP(H45,Dropdown!B:B,Dropdown!C:C) -> מזון וקניות | J45: י-ק 2 | M45: Spotify | P45: הוצאות | Q45: =C18-R45+SUMIFS((INDIRECT("'"&$A$1&"'!"&"G:G")), (INDIRECT("'"&$A$1&"'!"&"H:H")), R42, (INDIRECT("'"&$A$1&"'!"&"J:J")), "ל-פ 1")+SUMIFS((INDIRECT("'"&$B$1&"'!"&"G:G")),(INDIRECT("'"&$B$1&"'!"&"H:H")), R42,(INDIRECT("'"&$B$1&"'!"&"J:J")), "ל-פ 2") -> 35672.23 | R45: =SUMIFS(G:G,H:H,R42,J:J,"העברה")+SUMIFS((INDIRECT("'"&$A$1&"'!"&"G:G")), (INDIRECT("'"&$A$1&"'!"&"H:H")), R42, (INDIRECT("'"&$A$1&"'!"&"J:J")), "*1*")+SUMIFS((INDIRECT("'"&$B$1&"'!"&"G:G")),(INDIRECT("'"&$B$1&"'!"&"H:H")), R42,(INDIRECT("'"&$B$1&"'!"&"J:J")), "*2*")+145844.69+151512.89+202124.55 -> 554694.63
D46: =SUM(D42:D45) -> 92110.27 | G46: 64.3 | H46: מנויים | I46: =_xlfn.XLOOKUP(H46,Dropdown!B:B,Dropdown!C:C) -> מזון וקניות | J46: ל-פ 1 | M46: ChatCPT | P46: מצב חדש | Q46: =Q43+Q44-Q45 -> -32531.03 | R46: =R43+R44-R45 -> 98117.61
G47: 67 | H47: מנויים | I47: =_xlfn.XLOOKUP(H47,Dropdown!B:B,Dropdown!C:C) -> מזון וקניות | J47: ל-ו 2 | M47: בינה מלאכותית בגובה העיני
G48: 600 | H48: חוגים וקייטנות | I48: =_xlfn.XLOOKUP(H48,Dropdown!B:B,Dropdown!C:C) -> ילדים וחינוך | J48: ל-ו 2 | M48: קרקע בנות
G49: 700 | H49: חוגים וקייטנות | I49: =_xlfn.XLOOKUP(H49,Dropdown!B:B,Dropdown!C:C) -> ילדים וחינוך | J49: ל-ו 2 | M49: ריקוד ליה
G50: 450 | H50: חוגים וקייטנות | I50: =_xlfn.XLOOKUP(H50,Dropdown!B:B,Dropdown!C:C) -> ילדים וחינוך | J50: ל-ו 2 | M50: ריקוד יעל
G51: =390+45 -> 435 | H51: חוגים וקייטנות | I51: =_xlfn.XLOOKUP(H51,Dropdown!B:B,Dropdown!C:C) -> ילדים וחינוך | J51: ל-ו 1 | M51: אופנה
G52: 280 | H52: חוגים וקייטנות | I52: =_xlfn.XLOOKUP(H52,Dropdown!B:B,Dropdown!C:C) -> ילדים וחינוך | J52: ל-ו 1 | M52: יצירה
F53: תשלומים חודשיים ותשלומים קבועים שנתיים
G54: 587.72 | H54: חוגים וקייטנות | I54: =_xlfn.XLOOKUP(H54,Dropdown!B:B,Dropdown!C:C) -> ילדים וחינוך | J54: ל-ו 1 | K54: 6 | M54: משחק
G55: 2000 | H55: בנייה | I55: =_xlfn.XLOOKUP(H55,Dropdown!B:B,Dropdown!C:C) -> תחזוקת דירה ותקשורת | J55: ל-פ 1 | K55: 3 | L55: 07.04.26 | M55: מנורות
G56: 720 | H56: ביטוחים אחרים | I56: =_xlfn.XLOOKUP(H56,[2]Dropdown!B:B,[2]Dropdown!C:C) -> ביטוחים ופיננסים | J56: ל-פ 2 | K56: 1 | L56: 11.02.26 | M56: ביטוח מכנת כביסה
G57: 1138.8 | H57: מכשירים | I57: =_xlfn.XLOOKUP(H57,Dropdown!B:B,Dropdown!C:C) -> מזון וקניות | J57: ל-ו 2 | K57: 2 | L57: 12.03.26 | M57: מחשב
G58: 567 | H58: מכשירים | I58: =_xlfn.XLOOKUP(H58,Dropdown!B:B,Dropdown!C:C) -> מזון וקניות | J58: ל-ו 2 | K58: 0 | L58: 13.01.26 | M58: איי רובוט
G59: 616.33 | H59: מכשירים | I59: =_xlfn.XLOOKUP(H59,Dropdown!B:B,Dropdown!C:C) -> מזון וקניות | J59: ל-ו 2 | K59: 0 | L59: 18.01.26 | M59: מייבש
G60: 2280.96 | H60: ביטוח לאומי | I60: =_xlfn.XLOOKUP(H60,Dropdown!B:B,Dropdown!C:C) -> עסק | J60: ל-פ 2 | K60: 2 | L60: 21.03.26
G61: 749 | H61: הוצאות שוטפות | I61: =_xlfn.XLOOKUP(H61,Dropdown!B:B,Dropdown!C:C) -> עסק | J61: ל-פ 2 | M61: Microsoft
G62: 3163 | H62: בנייה | I62: =_xlfn.XLOOKUP(H62,[2]Dropdown!B:B,[2]Dropdown!C:C) -> תחזוקת דירה ותקשורת | J62: ל-ו 2 | K62: 1 | L62: 28.02.26 | M62: פרקט
G63: 1602 | H63: בנייה | I63: =_xlfn.XLOOKUP(H63,[2]Dropdown!B:B,[2]Dropdown!C:C) -> תחזוקת דירה ותקשורת | J63: ל-ו 2 | K63: 1 | L63: 28.02.26 | M63: דלת קו 0
G64: 2360 | H64: בנייה | I64: =_xlfn.XLOOKUP(H64,[2]Dropdown!B:B,[2]Dropdown!C:C) -> תחזוקת דירה ותקשורת | J64: ל-פ 2 | K64: 1 | L64: 29.02.26 | M64: ליאב
A65: קטגוריה | B65: מנוצל | C65: רצוי | D65: נשאר | E65: חריגה | G65: 1012.33 | H65: ביטוחים אחרים | I65: =_xlfn.XLOOKUP(H65,[2]Dropdown!B:B,[2]Dropdown!C:C) -> ביטוחים ופיננסים | J65: ל-פ 2 | K65: 1 | L65: 02.03.26 | M65: דירה
A66: תחזוקת דירה ותקשורת | B66: =SUMIF(I:I,A66,G:G)-SUMIF(H:H,"הוצאות על הבנייה",G:G) -> 62767.64 | C66: ='ממוצע ורצוי'!$N$22 -> 12822 | D66: =IF(C66-B66<0,0,C66-B66) -> 0 | E66: =IF(C66-B66<0,(C66-B66)*-1,0) -> 49945.64 | G66: 628 | H66: בתי ספר | I66: =_xlfn.XLOOKUP(H66,[2]Dropdown!B:B,[2]Dropdown!C:C) -> ילדים וחינוך | J66: ל-ו 2 | K66: 1 | L66: 02.03.26
A67: מזון וקניות | B67: =SUMIF(I:I,A67,G:G) -> 15613.55 | C67: ='ממוצע ורצוי'!$N$38 -> 9000 | D67: =IF(C67-B67<0,0,C67-B67) -> 0 | E67: =IF(C67-B67<0,(C67-B67)*-1,0) -> 6613.55 | F67: שוטף
A68: רכב ונסיעות | B68: =SUMIF(I:I,A68,G:G) -> 1980.54 | C68: ='ממוצע ורצוי'!$N$54 -> 3240 | D68: =IF(C68-B68<0,0,C68-B68) -> 1259.46 | E68: =IF(C68-B68<0,(C68-B68)*-1,0) -> 0 | F68: 01.01 | G68: 20 | H68: חניה | I68: =_xlfn.XLOOKUP(H68,Dropdown!B:B,Dropdown!C:C) -> רכב ונסיעות | J68: י-ק 1
A69: ילדים וחינוך | B69: =SUMIF(I:I,A69,G:G) -> 4379.72 | C69: ='ממוצע ורצוי'!$N$71 -> 4900 | D69: =IF(C69-B69<0,0,C69-B69) -> 520.28 | E69: =IF(C69-B69<0,(C69-B69)*-1,0) -> 0 | F69: 01.01 | G69: 329 | H69: מזון וטואלטיקה | I69: =_xlfn.XLOOKUP(H69,Dropdown!B:B,Dropdown!C:C) -> מזון וקניות | J69: י-ק 1
A70: תרבות ופנאי | B70: =SUMIF(I:I,A70,G:G) -> 2661.23 | C70: ='ממוצע ורצוי'!$N$88 -> 2600 | D70: =IF(C70-B70<0,0,C70-B70) -> 0 | E70: =IF(C70-B70<0,(C70-B70)*-1,0) -> 61.23 | F70: 01.01 | G70: 258.57 | H70: דלק | I70: =_xlfn.XLOOKUP(H70,Dropdown!B:B,Dropdown!C:C) -> רכב ונסיעות | J70: י-ק 1
A71: בריאות וטיפולים | B71: =SUMIF(I:I,A71,G:G) -> 1703.29 | C71: ='ממוצע ורצוי'!$N$98 -> 980 | D71: =IF(C71-B71<0,0,C71-B71) -> 0 | E71: =IF(C71-B71<0,(C71-B71)*-1,0) -> 723.29 | F71: 01.01 | G71: 27.5 | H71: מזון וטואלטיקה | I71: =_xlfn.XLOOKUP(H71,Dropdown!B:B,Dropdown!C:C) -> מזון וקניות | J71: י-ק 1
A72: ביטוחים ופיננסים | B72: =SUMIF(I:I,A72,G:G) -> 3039.91 | C72: ='ממוצע ורצוי'!$N$111 -> 1330 | D72: =IF(C72-B72<0,0,C72-B72) -> 0 | E72: =IF(C72-B72<0,(C72-B72)*-1,0) -> 1709.91 | F72: 01.01 | G72: 25 | H72: מזון וטואלטיקה | I72: =_xlfn.XLOOKUP(H72,Dropdown!B:B,Dropdown!C:C) -> מזון וקניות | J72: י-ק 1
F73: 02.01 | G73: 159 | H73: בילוים | I73: =_xlfn.XLOOKUP(H73,Dropdown!B:B,Dropdown!C:C) -> תרבות ופנאי | J73: ל-ו 1
F74: 02.01 | G74: 50 | H74: בילוים | I74: =_xlfn.XLOOKUP(H74,Dropdown!B:B,Dropdown!C:C) -> תרבות ופנאי | J74: ל-ו 1
F75: 02.01 | G75: 64.6 | H75: בילוים | I75: =_xlfn.XLOOKUP(H75,Dropdown!B:B,Dropdown!C:C) -> תרבות ופנאי | J75: ל-ו 1
F76: 02.01 | G76: 54.8 | H76: בילוים | I76: =_xlfn.XLOOKUP(H76,Dropdown!B:B,Dropdown!C:C) -> תרבות ופנאי | J76: ל-ו 1
F77: 02.01 | G77: 151 | H77: בילוים | I77: =_xlfn.XLOOKUP(H77,Dropdown!B:B,Dropdown!C:C) -> תרבות ופנאי | J77: ל-ו 1
F78: 02.01 | G78: 24.5 | H78: מסעדות ומשלוחים | I78: =_xlfn.XLOOKUP(H78,Dropdown!B:B,Dropdown!C:C) -> תרבות ופנאי | J78: ל-ו 1
F79: 02.01 | G79: 161.71 | H79: מזון וטואלטיקה | I79: =_xlfn.XLOOKUP(H79,Dropdown!B:B,Dropdown!C:C) -> מזון וקניות | J79: ל-ו 1
F80: 02.01 | G80: 59 | H80: מזון וטואלטיקה | I80: =_xlfn.XLOOKUP(H80,Dropdown!B:B,Dropdown!C:C) -> מזון וקניות | J80: ל-ו 1
F81: 02.01 | G81: 102.22 | H81: מזון וטואלטיקה | I81: =_xlfn.XLOOKUP(H81,Dropdown!B:B,Dropdown!C:C) -> מזון וקניות | J81: ל-ו 1
F82: 02.01 | G82: 150 | H82: שיעורים פרטיים | I82: =_xlfn.XLOOKUP(H82,Dropdown!B:B,Dropdown!C:C) -> ילדים וחינוך | J82: ל-ו 1
F83: 02.01 | G83: 394.23 | H83: מזון וטואלטיקה | I83: =_xlfn.XLOOKUP(H83,Dropdown!B:B,Dropdown!C:C) -> מזון וקניות | J83: ל-ח 1
F84: 02.01 | G84: -105 | H84: בילוים | I84: =_xlfn.XLOOKUP(H84,Dropdown!B:B,Dropdown!C:C) -> תרבות ופנאי | J84: ל-ו 1
... F225: 05.01 | G225: 17700 | H225: בנייה | I225: =_xlfn.XLOOKUP(H225,Dropdown!B:B,Dropdown!C:C) -> תחזוקת דירה ותקשורת | J225: העברה

Sheet 2
A1: 2 | B1: 1 | C1: דיסקונט | D1: לאומי | F1: תאריך | G1: סכום | H1: סוג הוצאה | I1: קטגוריה | J1: איך | K1: # | L1: סיום | N1: בלת"ם
A2: כרטיסי אשראי | B2: כ"א לאומי לילי | C2: =SUMIF((INDIRECT("'"&$B$1&"'!"&"J:J")),"ל-ו 2",(INDIRECT("'"&$B$1&"'!"&"G:G")))+SUMIF((INDIRECT("'"&$A$1&"'!"&"J:J")),"ל-ו 1",(INDIRECT("'"&$A$1&"'!"&"G:G"))) -> 21411.51 | D2: =SUMIF((INDIRECT("'"&$B$1&"'!"&"P:P")),"ל-ל 2",(INDIRECT("'"&$B$1&"'!"&"G:G")))+SUMIF((INDIRECT("'"&$A$1&"'!"&"J:J")),"ל-ל 1",(INDIRECT("'"&$A$1&"'!"&"G:G"))) -> 0 | F2: קבועות
B3: כ"א לאומי לילי חו"ל | C3: =SUMIF((INDIRECT("'"&$B$1&"'!"&"J:J")),"ל-ח 2",(INDIRECT("'"&$B$1&"'!"&"G:G")))+SUMIF((INDIRECT("'"&$A$1&"'!"&"J:J")),"ל-ח 1",(INDIRECT("'"&$A$1&"'!"&"G:G"))) -> 1646.61 | G3: 10 | H3: עמלות | I3: =_xlfn.XLOOKUP(H3,Dropdown!B:B,Dropdown!C:C) -> ביטוחים ופיננסים | J3: חש-ל
B4: כ"א קאל יניב | C4: =SUMIF((INDIRECT("'"&$B$1&"'!"&"J:J")),"י-ק 2",(INDIRECT("'"&$B$1&"'!"&"G:G")))+SUMIF((INDIRECT("'"&$A$1&"'!"&"J:J")),"י-ק 1",(INDIRECT("'"&$A$1&"'!"&"G:G"))) -> 9784.33 | D4: =SUMIF((INDIRECT("'"&$B$1&"'!"&"J:J")),"ל-פ 2",(INDIRECT("'"&$B$1&"'!"&"G:G")))+SUMIF((INDIRECT("'"&$A$1&"'!"&"J:J")),"ל-פ 1",(INDIRECT("'"&$A$1&"'!"&"G:G"))) -> 34871.2 | G4: 369.5 | H4: ביוב | I4: =_xlfn.XLOOKUP(H4,Dropdown!B:B,Dropdown!C:C) -> תחזוקת דירה ותקשורת | J4: ל-ו 2
G5: 690.2 | H5: ארנונה | I5: =_xlfn.XLOOKUP(H5,Dropdown!B:B,Dropdown!C:C) -> תחזוקת דירה ותקשורת | J5: ל-ו 2 | Q5: קבוע | R5: 1 | S5: 2 | T5: 3 | U5: 4 | V5: 5 | W5: 6 | X5: 7 | Y5: 8 | Z5: 9 | AA5: 10 | AB5: 11 | AC5: 12 | AD5: 13 | AE5: 14 | AF5: 15 | AG5: 16 | AH5: 17 | AI5: 18 | AJ5: 19 | AK5: 20 | AL5: 21 | AM5: 22 | AN5: 23 | AO5: 24 | AP5: 25 | AQ5: 26 | AR5: 27 | AS5: 28 | AT5: 29 | AU5: 30 | AV5: 31 | AW5: סה"כ
G6: 1795.18 | H6: ועד בית/ישוב | I6: =_xlfn.XLOOKUP(H6,Dropdown!B:B,Dropdown!C:C) -> תחזוקת דירה ותקשורת | J6: העברה | P6: תחזוקת דירה ותקשורת | Q6: =SUMIFS($G:$G,$I:$I,$P6,$F:$F,"") -> 20107.23 | R6: =SUMIFS($G:$G,$I:$I,$P6,$F:$F, TEXT(R$5,"00") & "." & TEXT($A$1,"00")) -> 0 | S6: =SUMIFS($G:$G,$I:$I,$P6,$F:$F, TEXT(S$5,"00") & "." & TEXT($A$1,"00")) -> 0 | T6: =SUMIFS($G:$G,$I:$I,$P6,$F:$F, TEXT(T$5,"00") & "." & TEXT($A$1,"00")) -> 0 | U6: =SUMIFS($G:$G,$I:$I,$P6,$F:$F, TEXT(U$5,"00") & "." & TEXT($A$1,"00")) -> 0 | V6: =SUMIFS($G:$G,$I:$I,$P6,$F:$F, TEXT(V$5,"00") & "." & TEXT($A$1,"00")) -> 0 | W6: =SUMIFS($G:$G,$I:$I,$P6,$F:$F, TEXT(W$5,"00") & "." & TEXT($A$1,"00")) -> 417 | X6: =SUMIFS($G:$G,$I:$I,$P6,$F:$F, TEXT(X$5,"00") & "." & TEXT($A$1,"00")) -> 0 | Y6: =SUMIFS($G:$G,$I:$I,$P6,$F:$F, TEXT(Y$5,"00") & "." & TEXT($A$1,"00")) -> 0 | ... AV6: =SUMIFS($G:$G,$I:$I,$P6,$F:$F, TEXT(AV$5,"00") & "." & TEXT($A$1,"00")) -> 0 | AW6: =SUM(Q6:AV6) -> 220800.23
A7: הלוואה | B7: הלוואה | C7: =SUMIF((INDIRECT("'"&$A$1&"'!"&"J:J")),"הל-ד",(INDIRECT("'"&$A$1&"'!"&"G:G"))) -> 0 | D7: =SUMIF((INDIRECT("'"&$A$1&"'!"&"J:J")),"הל-ל",(INDIRECT("'"&$A$1&"'!"&"G:G"))) -> 0 | G7: 0 | H7: טלפון (נייח) | I7: =_xlfn.XLOOKUP(H7,Dropdown!B:B,Dropdown!C:C) -> תחזוקת דירה ותקשורת | J7: העברה | P7: מזון וקניות | Q7: =SUMIFS($G:$G,$I:$I,$P7,$F:$F,"") -> 1950.36 | R7: =SUMIFS($G:$G,$I:$I,$P7,$F:$F, TEXT(R$5,"00") & "." & TEXT($A$1,"00")) -> 482.9 | S7: =SUMIFS($G:$G,$I:$I,$P7,$F:$F, TEXT(S$5,"00") & "." & TEXT($A$1,"00")) -> 638.7 | T7: =SUMIFS($G:$G,$I:$I,$P7,$F:$F, TEXT(T$5,"00") & "." & TEXT($A$1,"00")) -> 166.55 | U7: =SUMIFS($G:$G,$I:$I,$P7,$F:$F, TEXT(U$5,"00") & "." & TEXT($A$1,"00")) -> 477.6 | V7: =SUMIFS($G:$G,$I:$I,$P7,$F:$F, TEXT(V$5,"00") & "." & TEXT($A$1,"00")) -> 1201.78 | W7: =SUMIFS($G:$G,$I:$I,$P7,$F:$F, TEXT(W$5,"00") & "." & TEXT($A$1,"00")) -> 184 | X7: =SUMIFS($G:$G,$I:$I,$P7,$F:$F, TEXT(X$5,"00") & "." & TEXT($A$1,"00")) -> 0 | Y7: =SUMIFS($G:$G,$I:$I,$P7,$F:$F, TEXT(Y$5,"00") & "." & TEXT($A$1,"00")) -> 683.81 | ... AV7: =SUMIFS($G:$G,$I:$I,$P7,$F:$F, TEXT(AV$5,"00") & "." & TEXT($A$1,"00")) -> 0 | AW7: =SUM(Q7:AV7) -> 12478.84
B8: משכנתא | C8: =SUMIFS((INDIRECT("'"&$A$1&"'!"&"G:G")),(INDIRECT("'"&$A$1&"'!"&"J:J")),"חש-ד",(INDIRECT("'"&$A$1&"'!"&"H:H")),"משכנתא") -> 3388.38 | G8: 95 | H8: אינטרנט | I8: =_xlfn.XLOOKUP(H8,Dropdown!B:B,Dropdown!C:C) -> תחזוקת דירה ותקשורת | J8: העברה | P8: רכב ונסיעות | Q8: =SUMIFS($G:$G,$I:$I,$P8,$F:$F,"") -> 0 | R8: =SUMIFS($G:$G,$I:$I,$P8,$F:$F, TEXT(R$5,"00") & "." & TEXT($A$1,"00")) -> 234.05 | S8: =SUMIFS($G:$G,$I:$I,$P8,$F:$F, TEXT(S$5,"00") & "." & TEXT($A$1,"00")) -> 0 | T8: =SUMIFS($G:$G,$I:$I,$P8,$F:$F, TEXT(T$5,"00") & "." & TEXT($A$1,"00")) -> 0 | U8: =SUMIFS($G:$G,$I:$I,$P8,$F:$F, TEXT(U$5,"00") & "." & TEXT($A$1,"00")) -> 35.6 | V8: =SUMIFS($G:$G,$I:$I,$P8,$F:$F, TEXT(V$5,"00") & "." & TEXT($A$1,"00")) -> 22.8 | W8: =SUMIFS($G:$G,$I:$I,$P8,$F:$F, TEXT(W$5,"00") & "." & TEXT($A$1,"00")) -> 0 | X8: =SUMIFS($G:$G,$I:$I,$P8,$F:$F, TEXT(X$5,"00") & "." & TEXT($A$1,"00")) -> 0 | Y8: =SUMIFS($G:$G,$I:$I,$P8,$F:$F, TEXT(Y$5,"00") & "." & TEXT($A$1,"00")) -> 231.56 | ... AV8: =SUMIFS($G:$G,$I:$I,$P8,$F:$F, TEXT(AV$5,"00") & "." & TEXT($A$1,"00")) -> 0 | AW8: =SUM(Q8:AV8) -> 2002.69
A9: קבועים | B9: קיבוץ/שוטף | C9: 2593.18 | D9: =SUMIFS((INDIRECT("'"&$A$1&"'!"&"G:G")),(INDIRECT("'"&$A$1&"'!"&"J:J")),"חש-ל",(INDIRECT("'"&$A$1&"'!"&"H:H")),"פנסיה")+SUMIFS((INDIRECT("'"&$A$1&"'!"&"G:G")),(INDIRECT("'"&$A$1&"'!"&"J:J")),"חש-ל",(INDIRECT("'"&$A$1&"'!"&"H:H")),"רו""ח")+SUMIFS((INDIRECT("'"&$A$1&"'!"&"G:G")),(INDIRECT("'"&$A$1&"'!"&"J:J")),"חש-ל",(INDIRECT("'"&$A$1&"'!"&"H:H")),"ביטוח לאומי")+SUMIFS((INDIRECT("'"&$A$1&"'!"&"G:G")),(INDIRECT("'"&$A$1&"'!"&"J:J")),"חש-ל",(INDIRECT("'"&$A$1&"'!"&"H:H")),"מע""מ")+SUMIFS((INDIRECT("'"&$A$1&"'!"&"G:G")),(INDIRECT("'"&$A$1&"'!"&"J:J")),"חש-ל",(INDIRECT("'"&$A$1&"'!"&"H:H")),"מס הכנסה")+SUMIFS((INDIRECT("'"&$A$1&"'!"&"G:G")),(INDIRECT("'"&$A$1&"'!"&"J:J")),"חש-ל",(INDIRECT("'"&$A$1&"'!"&"H:H")),"קרן השתלמות") -> 5530.61 | G9: 111 | H9: קופ"ח + משלים | I9: =_xlfn.XLOOKUP(H9,Dropdown!B:B,Dropdown!C:C) -> בריאות וטיפולים | J9: העברה | P9: ילדים וחינוך | Q9: =SUMIFS($G:$G,$I:$I,$P9,$F:$F,"") -> 4085.72 | R9: =SUMIFS($G:$G,$I:$I,$P9,$F:$F, TEXT(R$5,"00") & "." & TEXT($A$1,"00")) -> 0 | S9: =SUMIFS($G:$G,$I:$I,$P9,$F:$F, TEXT(S$5,"00") & "." & TEXT($A$1,"00")) -> 0 | T9: =SUMIFS($G:$G,$I:$I,$P9,$F:$F, TEXT(T$5,"00") & "." & TEXT($A$1,"00")) -> 0 | U9: =SUMIFS($G:$G,$I:$I,$P9,$F:$F, TEXT(U$5,"00") & "." & TEXT($A$1,"00")) -> 0 | V9: =SUMIFS($G:$G,$I:$I,$P9,$F:$F, TEXT(V$5,"00") & "." & TEXT($A$1,"00")) -> 0 | W9: =SUMIFS($G:$G,$I:$I,$P9,$F:$F, TEXT(W$5,"00") & "." & TEXT($A$1,"00")) -> 0 | X9: =SUMIFS($G:$G,$I:$I,$P9,$F:$F, TEXT(X$5,"00") & "." & TEXT($A$1,"00")) -> 0 | Y9: =SUMIFS($G:$G,$I:$I,$P9,$F:$F, TEXT(Y$5,"00") & "." & TEXT($A$1,"00")) -> 247.7 | ... AV9: =SUMIFS($G:$G,$I:$I,$P9,$F:$F, TEXT(AV$5,"00") & "." & TEXT($A$1,"00")) -> 0 | AW9: =SUM(Q9:AV9) -> 4483.42
B10: אחר | C10: =-420-100 -> -520 | G10: 387 | H10: ביטוח בריאות פרטי | I10: =_xlfn.XLOOKUP(H10,Dropdown!B:B,Dropdown!C:C) -> בריאות וטיפולים | J10: העברה | P10: תרבות ופנאי | Q10: =SUMIFS($G:$G,$I:$I,$P10,$F:$F,"") -> 2607.25 | R10: =SUMIFS($G:$G,$I:$I,$P10,$F:$F, TEXT(R$5,"00") & "." & TEXT($A$1,"00")) -> 140 | S10: =SUMIFS($G:$G,$I:$I,$P10,$F:$F, TEXT(S$5,"00") & "." & TEXT($A$1,"00")) -> 275.47 | T10: =SUMIFS($G:$G,$I:$I,$P10,$F:$F, TEXT(T$5,"00") & "." & TEXT($A$1,"00")) -> 0 | U10: =SUMIFS($G:$G,$I:$I,$P10,$F:$F, TEXT(U$5,"00") & "." & TEXT($A$1,"00")) -> 76.8 | V10: =SUMIFS($G:$G,$I:$I,$P10,$F:$F, TEXT(V$5,"00") & "." & TEXT($A$1,"00")) -> 94 | W10: =SUMIFS($G:$G,$I:$I,$P10,$F:$F, TEXT(W$5,"00") & "." & TEXT($A$1,"00")) -> 0 | X10: =SUMIFS($G:$G,$I:$I,$P10,$F:$F, TEXT(X$5,"00") & "." & TEXT($A$1,"00")) -> 0 | Y10: =SUMIFS($G:$G,$I:$I,$P10,$F:$F, TEXT(Y$5,"00") & "." & TEXT($A$1,"00")) -> 0 | ... AV10: =SUMIFS($G:$G,$I:$I,$P10,$F:$F, TEXT(AV$5,"00") & "." & TEXT($A$1,"00")) -> 0 | AW10: =SUM(Q10:AV10) -> 10800.8
A11: תשלומים | B11: עמלות | C11: =SUMIFS((INDIRECT("'"&$A$1&"'!"&"G:G")),(INDIRECT("'"&$A$1&"'!"&"J:J")),"חש-ד",(INDIRECT("'"&$A$1&"'!"&"H:H")),"עמלות") -> 0 | D11: =SUMIFS((INDIRECT("'"&$A$1&"'!"&"G:G")),(INDIRECT("'"&$A$1&"'!"&"J:J")),"חש-ל",(INDIRECT("'"&$A$1&"'!"&"H:H")),"עמלות") -> 10 | G11: 0 | H11: ביטוח דירה | I11: =_xlfn.XLOOKUP(H11,Dropdown!B:B,Dropdown!C:C) -> תחזוקת דירה ותקשורת | J11: העברה | P11: בריאות וטיפולים | Q11: =SUMIFS($G:$G,$I:$I,$P11,$F:$F,"") -> 1398.12 | R11: =SUMIFS($G:$G,$I:$I,$P11,$F:$F, TEXT(R$5,"00") & "." & TEXT($A$1,"00")) -> 0 | S11: =SUMIFS($G:$G,$I:$I,$P11,$F:$F, TEXT(S$5,"00") & "." & TEXT($A$1,"00")) -> 0 | T11: =SUMIFS($G:$G,$I:$I,$P11,$F:$F, TEXT(T$5,"00") & "." & TEXT($A$1,"00")) -> 0 | U11: =SUMIFS($G:$G,$I:$I,$P11,$F:$F, TEXT(U$5,"00") & "." & TEXT($A$1,"00")) -> 0 | V11: =SUMIFS($G:$G,$I:$I,$P11,$F:$F, TEXT(V$5,"00") & "." & TEXT($A$1,"00")) -> 60 | W11: =SUMIFS($G:$G,$I:$I,$P11,$F:$F, TEXT(W$5,"00") & "." & TEXT($A$1,"00")) -> 0 | X11: =SUMIFS($G:$G,$I:$I,$P11,$F:$F, TEXT(X$5,"00") & "." & TEXT($A$1,"00")) -> 0 | Y11: =SUMIFS($G:$G,$I:$I,$P11,$F:$F, TEXT(Y$5,"00") & "." & TEXT($A$1,"00")) -> 0 | ... AV11: =SUMIFS($G:$G,$I:$I,$P11,$F:$F, TEXT(AV$5,"00") & "." & TEXT($A$1,"00")) -> 0 | AW11: =SUM(Q11:AV11) -> 1949.26
B12: העברה בין חשבונות | D12: =SUMIFS((INDIRECT("'"&$A$1&"'!"&"G:G")),(INDIRECT("'"&$A$1&"'!"&"J:J")),"חש-ל",(INDIRECT("'"&$A$1&"'!"&"H:H")),"משכורת") -> 9000 | G12: 1119 | H12: מים | I12: =_xlfn.XLOOKUP(H12,Dropdown!B:B,Dropdown!C:C) -> תחזוקת דירה ותקשורת | J12: העברה | P12: ביטוחים ופיננסים | Q12: =SUMIFS($G:$G,$I:$I,$P12,$F:$F,"") -> 3081.44 | R12: =SUMIFS($G:$G,$I:$I,$P12,$F:$F, TEXT(R$5,"00") & "." & TEXT($A$1,"00")) -> 0 | S12: =SUMIFS($G:$G,$I:$I,$P12,$F:$F, TEXT(S$5,"00") & "." & TEXT($A$1,"00")) -> 0 | T12: =SUMIFS($G:$G,$I:$I,$P12,$F:$F, TEXT(T$5,"00") & "." & TEXT($A$1,"00")) -> 0 | U12: =SUMIFS($G:$G,$I:$I,$P12,$F:$F, TEXT(U$5,"00") & "." & TEXT($A$1,"00")) -> 0 | V12: =SUMIFS($G:$G,$I:$I,$P12,$F:$F, TEXT(V$5,"00") & "." & TEXT($A$1,"00")) -> 0 | W12: =SUMIFS($G:$G,$I:$I,$P12,$F:$F, TEXT(W$5,"00") & "." & TEXT($A$1,"00")) -> 0 | X12: =SUMIFS($G:$G,$I:$I,$P12,$F:$F, TEXT(X$5,"00") & "." & TEXT($A$1,"00")) -> 0 | Y12: =SUMIFS($G:$G,$I:$I,$P12,$F:$F, TEXT(Y$5,"00") & "." & TEXT($A$1,"00")) -> 0 | ... AV12: =SUMIFS($G:$G,$I:$I,$P12,$F:$F, TEXT(AV$5,"00") & "." & TEXT($A$1,"00")) -> 0 | AW12: =SUM(Q12:AV12) -> 3116.34
B13: העברה | C13: =-332466+101960+92076+20000 -> -118430 | G13: 305 | H13: חוגים וקייטנות | I13: =_xlfn.XLOOKUP(H13,Dropdown!B:B,Dropdown!C:C) -> ילדים וחינוך | J13: העברה | P13: עסק | Q13: =SUMIFS($G:$G,$I:$I,$P13,$F:$F,"") -> 27236.57 | R13: =SUMIFS($G:$G,$I:$I,$P13,$F:$F, TEXT(R$5,"00") & "." & TEXT($A$1,"00")) -> 0 | S13: =SUMIFS($G:$G,$I:$I,$P13,$F:$F, TEXT(S$5,"00") & "." & TEXT($A$1,"00")) -> 0 | T13: =SUMIFS($G:$G,$I:$I,$P13,$F:$F, TEXT(T$5,"00") & "." & TEXT($A$1,"00")) -> 0 | U13: =SUMIFS($G:$G,$I:$I,$P13,$F:$F, TEXT(U$5,"00") & "." & TEXT($A$1,"00")) -> 0 | V13: =SUMIFS($G:$G,$I:$I,$P13,$F:$F, TEXT(V$5,"00") & "." & TEXT($A$1,"00")) -> 0 | W13: =SUMIFS($G:$G,$I:$I,$P13,$F:$F, TEXT(W$5,"00") & "." & TEXT($A$1,"00")) -> 0 | X13: =SUMIFS($G:$G,$I:$I,$P13,$F:$F, TEXT(X$5,"00") & "." & TEXT($A$1,"00")) -> 0 | Y13: =SUMIFS($G:$G,$I:$I,$P13,$F:$F, TEXT(Y$5,"00") & "." & TEXT($A$1,"00")) -> 0 | ... AV13: =SUMIFS($G:$G,$I:$I,$P13,$F:$F, TEXT(AV$5,"00") & "." & TEXT($A$1,"00")) -> 0 | AW13: =SUM(Q13:AV13) -> 27236.57
A14: מזומן | B14: כספומט | G14: 100 | H14: חוגים וקייטנות | I14: =_xlfn.XLOOKUP(H14,Dropdown!B:B,Dropdown!C:C) -> ילדים וחינוך | J14: העברה
A15: שחרור פקדון | C15: =-SUMIF(פקדונות!B:G,$A$1,פקדונות!E:E) -> 0 | D15: =-SUMIF(פקדונות!K:P,$A$1,פקדונות!N:N) -> 0 | G15: 2023.42 | H15: משכנתא | I15: =_xlfn.XLOOKUP(H15,Dropdown!B:B,Dropdown!C:C) -> תחזוקת דירה ותקשורת | J15: חש-ד
A16: חסכון | B16: פקדון | C16: =SUMIF(פקדונות!B:G,$A$1,פקדונות!F:F) -> 500 | D16: =SUMIF(פקדונות!K:P,$A$1,פקדונות!O:O) -> 0 | G16: 1364.96 | H16: משכנתא | I16: =_xlfn.XLOOKUP(H16,Dropdown!B:B,Dropdown!C:C) -> תחזוקת דירה ותקשורת | J16: חש-ד
A17: הוצאות עתידיות | G17: 0 | H17: משכנתא | I17: =_xlfn.XLOOKUP(H17,Dropdown!B:B,Dropdown!C:C) -> תחזוקת דירה ותקשורת | J17: חש-ד | P17: קטגוריה
A18: סך הוצאות | C18: =SUM(C2:C17) -> -79625.99 | D18: =SUM(D2:D17) -> 49411.81 | G18: 1166.05 | H18: חשמל | I18: =_xlfn.XLOOKUP(H18,Dropdown!B:B,Dropdown!C:C) -> תחזוקת דירה ותקשורת | J18: י-ק 2 | P18: מזון וקניות | Q18: קבוע | R18: 1 | S18: 2 | T18: 3 | U18: 4 | V18: 5 | W18: 6 | X18: 7 | Y18: 8 | Z18: 9 | AA18: 10 | AB18: 11 | AC18: 12 | AD18: 13 | AE18: 14 | AF18: 15 | AG18: 16 | AH18: 17 | AI18: 18 | AJ18: 19 | AK18: 20 | AL18: 21 | AM18: 22 | AN18: 23 | AO18: 24 | AP18: 25 | AQ18: 26 | AR18: 27 | AS18: 28 | AT18: 29 | AU18: 30 | AV18: 31 | AW18: סה"כ
G19: 99.82 | H19: כבלים | I19: =_xlfn.XLOOKUP(H19,Dropdown!B:B,Dropdown!C:C) -> תחזוקת דירה ותקשורת | J19: ל-ו 2 | P19: {=_xlfn._xlws.FILTER(Dropdown!$B:$B,Dropdown!$C:$C = $P$18)} -> מזון וטואלטיקה | Q19: =SUMIFS($G:$G,$H:$H,$P19,$F:$F,"") -> 0 | R19: =SUMIFS($G:$G,$H:$H,$P19,$F:$F,TEXT(R$5,"00") & "." & TEXT($A$1,"00")) -> 298.9 | S19: =SUMIFS($G:$G,$H:$H,$P19,$F:$F,TEXT(S$5,"00") & "." & TEXT($A$1,"00")) -> 638.7 | T19: =SUMIFS($G:$G,$H:$H,$P19,$F:$F,TEXT(T$5,"00") & "." & TEXT($A$1,"00")) -> 166.55 | U19: =SUMIFS($G:$G,$H:$H,$P19,$F:$F,TEXT(U$5,"00") & "." & TEXT($A$1,"00")) -> 477.6 | V19: =SUMIFS($G:$G,$H:$H,$P19,$F:$F,TEXT(V$5,"00") & "." & TEXT($A$1,"00")) -> 931.88 | W19: =SUMIFS($G:$G,$H:$H,$P19,$F:$F,TEXT(W$5,"00") & "." & TEXT($A$1,"00")) -> 116 | X19: =SUMIFS($G:$G,$H:$H,$P19,$F:$F,TEXT(X$5,"00") & "." & TEXT($A$1,"00")) -> 0 | Y19: =SUMIFS($G:$G,$H:$H,$P19,$F:$F,TEXT(Y$5,"00") & "." & TEXT($A$1,"00")) -> 106.5 | ... AV19: =SUMIFS($G:$G,$H:$H,$P19,$F:$F,TEXT(AV$5,"00") & "." & TEXT($A$1,"00")) -> 0 | AW19: =SUM(Q19:AV19) -> 7716.4
A20: הכנסות | B20: משכורת יניב | C20: 16588.76 | D20: =SUMIFS(עסק!AA:AA,עסק!Z:Z,$A$1,עסק!AC:AC,"צ'ק") -> 0 | G20: 69.9 | H20: כבלים | I20: =_xlfn.XLOOKUP(H20,Dropdown!B:B,Dropdown!C:C) -> תחזוקת דירה ותקשורת | J20: ל-ח 1 | P20: סיגריות | Q20: =SUMIFS($G:$G,$H:$H,$P20,$F:$F,"") -> 0 | R20: =SUMIFS($G:$G,$H:$H,$P20,$F:$F,TEXT(R$5,"00") & "." & TEXT($A$1,"00")) -> 0 | S20: =SUMIFS($G:$G,$H:$H,$P20,$F:$F,TEXT(S$5,"00") & "." & TEXT($A$1,"00")) -> 0 | T20: =SUMIFS($G:$G,$H:$H,$P20,$F:$F,TEXT(T$5,"00") & "." & TEXT($A$1,"00")) -> 0 | U20: =SUMIFS($G:$G,$H:$H,$P20,$F:$F,TEXT(U$5,"00") & "." & TEXT($A$1,"00")) -> 0 | V20: =SUMIFS($G:$G,$H:$H,$P20,$F:$F,TEXT(V$5,"00") & "." & TEXT($A$1,"00")) -> 0 | W20: =SUMIFS($G:$G,$H:$H,$P20,$F:$F,TEXT(W$5,"00") & "." & TEXT($A$1,"00")) -> 0 | X20: =SUMIFS($G:$G,$H:$H,$P20,$F:$F,TEXT(X$5,"00") & "." & TEXT($A$1,"00")) -> 0 | Y20: =SUMIFS($G:$G,$H:$H,$P20,$F:$F,TEXT(Y$5,"00") & "." & TEXT($A$1,"00")) -> 0 | ... AV20: =SUMIFS($G:$G,$H:$H,$P20,$F:$F,TEXT(AV$5,"00") & "." & TEXT($A$1,"00")) -> 0 | AW20: =SUM(Q20:AV20) -> 0
B21: משכורת לילי | C21: =SUMIFS((INDIRECT("'"&$A$1&"'!"&"G:G")),(INDIRECT("'"&$A$1&"'!"&"J:J")),"חש-ל",(INDIRECT("'"&$A$1&"'!"&"H:H")),"משכורת") -> 9000 | D21: =SUMIFS(עסק!E:E,עסק!D:D,$A$1,עסק!G:G,"העברה")+SUMIFS(עסק!E:E,עסק!D:D,$A$1,עסק!G:G,"צ'ק") -> 39317 | G21: 49.9 | H21: כבלים | I21: =_xlfn.XLOOKUP(H21,Dropdown!B:B,Dropdown!C:C) -> תחזוקת דירה ותקשורת | J21: ל-ח 1 | P21: טיפוח ויופי | Q21: =SUMIFS($G:$G,$H:$H,$P21,$F:$F,"") -> 0 | R21: =SUMIFS($G:$G,$H:$H,$P21,$F:$F,TEXT(R$5,"00") & "." & TEXT($A$1,"00")) -> 0 | S21: =SUMIFS($G:$G,$H:$H,$P21,$F:$F,TEXT(S$5,"00") & "." & TEXT($A$1,"00")) -> 0 | T21: =SUMIFS($G:$G,$H:$H,$P21,$F:$F,TEXT(T$5,"00") & "." & TEXT($A$1,"00")) -> 0 | U21: =SUMIFS($G:$G,$H:$H,$P21,$F:$F,TEXT(U$5,"00") & "." & TEXT($A$1,"00")) -> 0 | V21: =SUMIFS($G:$G,$H:$H,$P21,$F:$F,TEXT(V$5,"00") & "." & TEXT($A$1,"00")) -> 0 | W21: =SUMIFS($G:$G,$H:$H,$P21,$F:$F,TEXT(W$5,"00") & "." & TEXT($A$1,"00")) -> 0 | X21: =SUMIFS($G:$G,$H:$H,$P21,$F:$F,TEXT(X$5,"00") & "." & TEXT($A$1,"00")) -> 0 | Y21: =SUMIFS($G:$G,$H:$H,$P21,$F:$F,TEXT(Y$5,"00") & "." & TEXT($A$1,"00")) -> 0 | ... AV21: =SUMIFS($G:$G,$H:$H,$P21,$F:$F,TEXT(AV$5,"00") & "." & TEXT($A$1,"00")) -> 0 | AW21: =SUM(Q21:AV21) -> 0
B22: קצבה | C22: 276 | G22: 138.3 | H22: טלפונים ניידים | I22: =_xlfn.XLOOKUP(H22,Dropdown!B:B,Dropdown!C:C) -> תחזוקת דירה ותקשורת | J22: ל-ו 2 | P22: קוסמטיקה | Q22: =SUMIFS($G:$G,$H:$H,$P22,$F:$F,"") -> 0 | R22: =SUMIFS($G:$G,$H:$H,$P22,$F:$F,TEXT(R$5,"00") & "." & TEXT($A$1,"00")) -> 0 | S22: =SUMIFS($G:$G,$H:$H,$P22,$F:$F,TEXT(S$5,"00") & "." & TEXT($A$1,"00")) -> 0 | T22: =SUMIFS($G:$G,$H:$H,$P22,$F:$F,TEXT(T$5,"00") & "." & TEXT($A$1,"00")) -> 0 | U22: =SUMIFS($G:$G,$H:$H,$P22,$F:$F,TEXT(U$5,"00") & "." & TEXT($A$1,"00")) -> 0 | V22: =SUMIFS($G:$G,$H:$H,$P22,$F:$F,TEXT(V$5,"00") & "." & TEXT($A$1,"00")) -> 0 | W22: =SUMIFS($G:$G,$H:$H,$P22,$F:$F,TEXT(W$5,"00") & "." & TEXT($A$1,"00")) -> 0 | X22: =SUMIFS($G:$G,$H:$H,$P22,$F:$F,TEXT(X$5,"00") & "." & TEXT($A$1,"00")) -> 0 | Y22: =SUMIFS($G:$G,$H:$H,$P22,$F:$F,TEXT(Y$5,"00") & "." & TEXT($A$1,"00")) -> 0 | ... AV22: =SUMIFS($G:$G,$H:$H,$P22,$F:$F,TEXT(AV$5,"00") & "." & TEXT($A$1,"00")) -> 0 | AW22: =SUM(Q22:AV22) -> 0
B23: עסק | C23: =SUMIFS(עסק!$E:$E,עסק!$D:$D,$A$1,עסק!F:F,"כן",עסק!G:G,"ביט" )+SUMIFS(עסק!$AA:$AA,עסק!$Z:$Z,$A$1,עסק!AB:AB,"כן",עסק!AC:AC,"ביט" )+SUMIFS(עסק!AA:AA,עסק!Z:Z,$A$1,עסק!AC:AC,"העברה") -> 794 | G23: 80.32 | H23: ביטוח בריאות פרטי | I23: =_xlfn.XLOOKUP(H23,[2]Dropdown!B:B,[2]Dropdown!C:C) -> בריאות וטיפולים | J23: ל-ו 2 | M23: מנורה | P23: ביגוד והנעלה | Q23: =SUMIFS($G:$G,$H:$H,$P23,$F:$F,"") -> 0 | R23: =SUMIFS($G:$G,$H:$H,$P23,$F:$F,TEXT(R$5,"00") & "." & TEXT($A$1,"00")) -> 0 | S23: =SUMIFS($G:$G,$H:$H,$P23,$F:$F,TEXT(S$5,"00") & "." & TEXT($A$1,"00")) -> 0 | T23: =SUMIFS($G:$G,$H:$H,$P23,$F:$F,TEXT(T$5,"00") & "." & TEXT($A$1,"00")) -> 0 | U23: =SUMIFS($G:$G,$H:$H,$P23,$F:$F,TEXT(U$5,"00") & "." & TEXT($A$1,"00")) -> 0 | V23: =SUMIFS($G:$G,$H:$H,$P23,$F:$F,TEXT(V$5,"00") & "." & TEXT($A$1,"00")) -> 0 | W23: =SUMIFS($G:$G,$H:$H,$P23,$F:$F,TEXT(W$5,"00") & "." & TEXT($A$1,"00")) -> 0 | X23: =SUMIFS($G:$G,$H:$H,$P23,$F:$F,TEXT(X$5,"00") & "." & TEXT($A$1,"00")) -> 0 | Y23: =SUMIFS($G:$G,$H:$H,$P23,$F:$F,TEXT(Y$5,"00") & "." & TEXT($A$1,"00")) -> 377.31 | ... AV23: =SUMIFS($G:$G,$H:$H,$P23,$F:$F,TEXT(AV$5,"00") & "." & TEXT($A$1,"00")) -> 0 | AW23: =SUM(Q23:AV23) -> 863.02
A24: סה"כ | C24: =SUM(C20:C23) -> 26658.76 | D24: =SUM(D20:D23) -> 39317 | G24: 29.96 | H24: ביטוח בריאות פרטי | I24: =_xlfn.XLOOKUP(H24,[2]Dropdown!B:B,[2]Dropdown!C:C) -> בריאות וטיפולים | J24: ל-ו 2 | M24: כלל | P24: קניות שונות | Q24: =SUMIFS($G:$G,$H:$H,$P24,$F:$F,"") -> 0 | R24: =SUMIFS($G:$G,$H:$H,$P24,$F:$F,TEXT(R$5,"00") & "." & TEXT($A$1,"00")) -> 0 | S24: =SUMIFS($G:$G,$H:$H,$P24,$F:$F,TEXT(S$5,"00") & "." & TEXT($A$1,"00")) -> 0 | T24: =SUMIFS($G:$G,$H:$H,$P24,$F:$F,TEXT(T$5,"00") & "." & TEXT($A$1,"00")) -> 0 | U24: =SUMIFS($G:$G,$H:$H,$P24,$F:$F,TEXT(U$5,"00") & "." & TEXT($A$1,"00")) -> 0 | V24: =SUMIFS($G:$G,$H:$H,$P24,$F:$F,TEXT(V$5,"00") & "." & TEXT($A$1,"00")) -> 269.9 | W24: =SUMIFS($G:$G,$H:$H,$P24,$F:$F,TEXT(W$5,"00") & "." & TEXT($A$1,"00")) -> 68 | X24: =SUMIFS($G:$G,$H:$H,$P24,$F:$F,TEXT(X$5,"00") & "." & TEXT($A$1,"00")) -> 0 | Y24: =SUMIFS($G:$G,$H:$H,$P24,$F:$F,TEXT(Y$5,"00") & "." & TEXT($A$1,"00")) -> 200 | ... AV24: =SUMIFS($G:$G,$H:$H,$P24,$F:$F,TEXT(AV$5,"00") & "." & TEXT($A$1,"00")) -> 0 | AW24: =SUM(Q24:AV24) -> 1765.06
A25: אחרות | B25: אחרות | D25: =SUMIFS(עסק!E:E,עסק!D:D,A1,עסק!G:G,"מזומן")+SUMIFS(עסק!E:E,עסק!D:D,A1,עסק!G:G,"ביט")+SUMIFS(עסק!AA:AA,עסק!Z:Z,A1,עסק!AC:AC,"מזומן")+SUMIFS(עסק!AA:AA,עסק!Z:Z,A1,עסק!AC:AC,"ביט") -> 0 | G25: 10.42 | H25: ביטוח בריאות פרטי | I25: =_xlfn.XLOOKUP(H25,[2]Dropdown!B:B,[2]Dropdown!C:C) -> בריאות וטיפולים | J25: ל-ו 2 | M25: הראל | P25: מזומן ללא מעקב | Q25: =SUMIFS($G:$G,$H:$H,$P25,$F:$F,"") -> 0 | R25: =SUMIFS($G:$G,$H:$H,$P25,$F:$F,TEXT(R$5,"00") & "." & TEXT($A$1,"00")) -> 0 | S25: =SUMIFS($G:$G,$H:$H,$P25,$F:$F,TEXT(S$5,"00") & "." & TEXT($A$1,"00")) -> 0 | T25: =SUMIFS($G:$G,$H:$H,$P25,$F:$F,TEXT(T$5,"00") & "." & TEXT($A$1,"00")) -> 0 | U25: =SUMIFS($G:$G,$H:$H,$P25,$F:$F,TEXT(U$5,"00") & "." & TEXT($A$1,"00")) -> 0 | V25: =SUMIFS($G:$G,$H:$H,$P25,$F:$F,TEXT(V$5,"00") & "." & TEXT($A$1,"00")) -> 0 | W25: =SUMIFS($G:$G,$H:$H,$P25,$F:$F,TEXT(W$5,"00") & "." & TEXT($A$1,"00")) -> 0 | X25: =SUMIFS($G:$G,$H:$H,$P25,$F:$F,TEXT(X$5,"00") & "." & TEXT($A$1,"00")) -> 0 | Y25: =SUMIFS($G:$G,$H:$H,$P25,$F:$F,TEXT(Y$5,"00") & "." & TEXT($A$1,"00")) -> 0 | ... AV25: =SUMIFS($G:$G,$H:$H,$P25,$F:$F,TEXT(AV$5,"00") & "." & TEXT($A$1,"00")) -> 0 | AW25: =SUM(Q25:AV25) -> 0
A26: סך הכנסות | C26: =SUM(C24:C25) -> 26658.76 | D26: =SUM(D24:D25) -> 39317 | G26: 53.91 | H26: ביטוח בריאות פרטי | I26: =_xlfn.XLOOKUP(H26,[2]Dropdown!B:B,[2]Dropdown!C:C) -> בריאות וטיפולים | J26: ל-ו 2 | M26: הראל | P26: בר מים | Q26: =SUMIFS($G:$G,$H:$H,$P26,$F:$F,"") -> 0 | R26: =SUMIFS($G:$G,$H:$H,$P26,$F:$F,TEXT(R$5,"00") & "." & TEXT($A$1,"00")) -> 0 | S26: =SUMIFS($G:$G,$H:$H,$P26,$F:$F,TEXT(S$5,"00") & "." & TEXT($A$1,"00")) -> 0 | T26: =SUMIFS($G:$G,$H:$H,$P26,$F:$F,TEXT(T$5,"00") & "." & TEXT($A$1,"00")) -> 0 | U26: =SUMIFS($G:$G,$H:$H,$P26,$F:$F,TEXT(U$5,"00") & "." & TEXT($A$1,"00")) -> 0 | V26: =SUMIFS($G:$G,$H:$H,$P26,$F:$F,TEXT(V$5,"00") & "." & TEXT($A$1,"00")) -> 0 | W26: =SUMIFS($G:$G,$H:$H,$P26,$F:$F,TEXT(W$5,"00") & "." & TEXT($A$1,"00")) -> 0 | X26: =SUMIFS($G:$G,$H:$H,$P26,$F:$F,TEXT(X$5,"00") & "." & TEXT($A$1,"00")) -> 0 | Y26: =SUMIFS($G:$G,$H:$H,$P26,$F:$F,TEXT(Y$5,"00") & "." & TEXT($A$1,"00")) -> 0 | ... AV26: =SUMIFS($G:$G,$H:$H,$P26,$F:$F,TEXT(AV$5,"00") & "." & TEXT($A$1,"00")) -> 0 | AW26: =SUM(Q26:AV26) -> 0
G27: 258.99 | H27: ביטוח בריאות פרטי | I27: =_xlfn.XLOOKUP(H27,[2]Dropdown!B:B,[2]Dropdown!C:C) -> בריאות וטיפולים | J27: ל-ו 2 | M27: הראל | P27: מכשירים | Q27: =SUMIFS($G:$G,$H:$H,$P27,$F:$F,"") -> 1138.8 | R27: =SUMIFS($G:$G,$H:$H,$P27,$F:$F,TEXT(R$5,"00") & "." & TEXT($A$1,"00")) -> 0 | S27: =SUMIFS($G:$G,$H:$H,$P27,$F:$F,TEXT(S$5,"00") & "." & TEXT($A$1,"00")) -> 0 | T27: =SUMIFS($G:$G,$H:$H,$P27,$F:$F,TEXT(T$5,"00") & "." & TEXT($A$1,"00")) -> 0 | U27: =SUMIFS($G:$G,$H:$H,$P27,$F:$F,TEXT(U$5,"00") & "." & TEXT($A$1,"00")) -> 0 | V27: =SUMIFS($G:$G,$H:$H,$P27,$F:$F,TEXT(V$5,"00") & "." & TEXT($A$1,"00")) -> 0 | W27: =SUMIFS($G:$G,$H:$H,$P27,$F:$F,TEXT(W$5,"00") & "." & TEXT($A$1,"00")) -> 0 | X27: =SUMIFS($G:$G,$H:$H,$P27,$F:$F,TEXT(X$5,"00") & "." & TEXT($A$1,"00")) -> 0 | Y27: =SUMIFS($G:$G,$H:$H,$P27,$F:$F,TEXT(Y$5,"00") & "." & TEXT($A$1,"00")) -> 0 | ... AV27: =SUMIFS($G:$G,$H:$H,$P27,$F:$F,TEXT(AV$5,"00") & "." & TEXT($A$1,"00")) -> 0 | AW27: =SUM(Q27:AV27) -> 1138.8
A28: מצב חשבון | B28: יתרה חודש קודם | C28: ='1'!C29 -> 70551.58 | D28: ='1'!D29 -> 10131.39 | G28: 274.58 | H28: קופ"ח + משלים | I28: =_xlfn.XLOOKUP(H28,[2]Dropdown!B:B,[2]Dropdown!C:C) -> בריאות וטיפולים | J28: ל-ו 2 | M28: כללית | P28: הוצאות לעסק | Q28: =SUMIFS($G:$G,$H:$H,$P28,$F:$F,"") -> 637.2 | R28: =SUMIFS($G:$G,$H:$H,$P28,$F:$F,TEXT(R$5,"00") & "." & TEXT($A$1,"00")) -> 184 | S28: =SUMIFS($G:$G,$H:$H,$P28,$F:$F,TEXT(S$5,"00") & "." & TEXT($A$1,"00")) -> 0 | T28: =SUMIFS($G:$G,$H:$H,$P28,$F:$F,TEXT(T$5,"00") & "." & TEXT($A$1,"00")) -> 0 | U28: =SUMIFS($G:$G,$H:$H,$P28,$F:$F,TEXT(U$5,"00") & "." & TEXT($A$1,"00")) -> 0 | V28: =SUMIFS($G:$G,$H:$H,$P28,$F:$F,TEXT(V$5,"00") & "." & TEXT($A$1,"00")) -> 0 | W28: =SUMIFS($G:$G,$H:$H,$P28,$F:$F,TEXT(W$5,"00") & "." & TEXT($A$1,"00")) -> 0 | X28: =SUMIFS($G:$G,$H:$H,$P28,$F:$F,TEXT(X$5,"00") & "." & TEXT($A$1,"00")) -> 0 | Y28: =SUMIFS($G:$G,$H:$H,$P28,$F:$F,TEXT(Y$5,"00") & "." & TEXT($A$1,"00")) -> 0 | ... AV28: =SUMIFS($G:$G,$H:$H,$P28,$F:$F,TEXT(AV$5,"00") & "." & TEXT($A$1,"00")) -> 0 | AW28: =SUM(Q28:AV28) -> 821.2
B29: מצב עדכני | C29: =C28+C24-C18 -> 176836.33 | D29: =D28+D24-D18 -> 36.58 | G29: 191.94 | H29: ביטוח בריאות פרטי | I29: =_xlfn.XLOOKUP(H29,[2]Dropdown!B:B,[2]Dropdown!C:C) -> בריאות וטיפולים | J29: י-ק 2 | P29: מנויים | Q29: =SUMIFS($G:$G,$H:$H,$P29,$F:$F,"") -> 174.36 | R29: =SUMIFS($G:$G,$H:$H,$P29,$F:$F,TEXT(R$5,"00") & "." & TEXT($A$1,"00")) -> 0 | S29: =SUMIFS($G:$G,$H:$H,$P29,$F:$F,TEXT(S$5,"00") & "." & TEXT($A$1,"00")) -> 0 | T29: =SUMIFS($G:$G,$H:$H,$P29,$F:$F,TEXT(T$5,"00") & "." & TEXT($A$1,"00")) -> 0 | U29: =SUMIFS($G:$G,$H:$H,$P29,$F:$F,TEXT(U$5,"00") & "." & TEXT($A$1,"00")) -> 0 | V29: =SUMIFS($G:$G,$H:$H,$P29,$F:$F,TEXT(V$5,"00") & "." & TEXT($A$1,"00")) -> 0 | W29: =SUMIFS($G:$G,$H:$H,$P29,$F:$F,TEXT(W$5,"00") & "." & TEXT($A$1,"00")) -> 0 | X29: =SUMIFS($G:$G,$H:$H,$P29,$F:$F,TEXT(X$5,"00") & "." & TEXT($A$1,"00")) -> 0 | Y29: =SUMIFS($G:$G,$H:$H,$P29,$F:$F,TEXT(Y$5,"00") & "." & TEXT($A$1,"00")) -> 0 | ... AV29: =SUMIFS($G:$G,$H:$H,$P29,$F:$F,TEXT(AV$5,"00") & "." & TEXT($A$1,"00")) -> 0 | AW29: =SUM(Q29:AV29) -> 174.36
A30: אשראי | B30: יתרת אשראי | C30: =SUM(Data!$B$2+C29) -> 211836.33 | D30: =SUM(Data!$B$3+D29) -> 10036.58 | G30: 272.8 | H30: ביטוחי חיים (ריסק) | I30: =_xlfn.XLOOKUP(H30,[2]Dropdown!B:B,[2]Dropdown!C:C) -> ביטוחים ופיננסים | J30: י-ק 2 | P30: תוכנות מחשב | Q30: =SUMIFS($G:$G,$H:$H,$P30,$F:$F,"") -> 0 | R30: =SUMIFS($G:$G,$H:$H,$P30,$F:$F,TEXT(R$5,"00") & "." & TEXT($A$1,"00")) -> 0 | S30: =SUMIFS($G:$G,$H:$H,$P30,$F:$F,TEXT(S$5,"00") & "." & TEXT($A$1,"00")) -> 0 | T30: =SUMIFS($G:$G,$H:$H,$P30,$F:$F,TEXT(T$5,"00") & "." & TEXT($A$1,"00")) -> 0 | U30: =SUMIFS($G:$G,$H:$H,$P30,$F:$F,TEXT(U$5,"00") & "." & TEXT($A$1,"00")) -> 0 | V30: =SUMIFS($G:$G,$H:$H,$P30,$F:$F,TEXT(V$5,"00") & "." & TEXT($A$1,"00")) -> 0 | W30: =SUMIFS($G:$G,$H:$H,$P30,$F:$F,TEXT(W$5,"00") & "." & TEXT($A$1,"00")) -> 0 | X30: =SUMIFS($G:$G,$H:$H,$P30,$F:$F,TEXT(X$5,"00") & "." & TEXT($A$1,"00")) -> 0 | Y30: =SUMIFS($G:$G,$H:$H,$P30,$F:$F,TEXT(Y$5,"00") & "." & TEXT($A$1,"00")) -> 0 | ... AV30: =SUMIFS($G:$G,$H:$H,$P30,$F:$F,TEXT(AV$5,"00") & "." & TEXT($A$1,"00")) -> 0 | AW30: =SUM(Q30:AV30) -> 0
A31: יתרה | B31: רווח/הפסד | C31: =SUM(C29+C16-C28+C15) -> 106784.75 | D31: =SUM(D29+D16-D28) -> -10094.81 | G31: 277.23 | H31: ביטוחי חיים (ריסק) | I31: =_xlfn.XLOOKUP(H31,[2]Dropdown!B:B,[2]Dropdown!C:C) -> ביטוחים ופיננסים | J31: ל-ו 2 | M31: הראל | Q31: =SUMIFS($G:$G,$H:$H,$P31,$F:$F,"") -> 0 | R31: =SUMIFS($G:$G,$H:$H,$P31,$F:$F,TEXT(R$5,"00") & "." & TEXT($A$1,"00")) -> 0 | S31: =SUMIFS($G:$G,$H:$H,$P31,$F:$F,TEXT(S$5,"00") & "." & TEXT($A$1,"00")) -> 0 | T31: =SUMIFS($G:$G,$H:$H,$P31,$F:$F,TEXT(T$5,"00") & "." & TEXT($A$1,"00")) -> 0 | U31: =SUMIFS($G:$G,$H:$H,$P31,$F:$F,TEXT(U$5,"00") & "." & TEXT($A$1,"00")) -> 0 | V31: =SUMIFS($G:$G,$H:$H,$P31,$F:$F,TEXT(V$5,"00") & "." & TEXT($A$1,"00")) -> 0 | W31: =SUMIFS($G:$G,$H:$H,$P31,$F:$F,TEXT(W$5,"00") & "." & TEXT($A$1,"00")) -> 0 | X31: =SUMIFS($G:$G,$H:$H,$P31,$F:$F,TEXT(X$5,"00") & "." & TEXT($A$1,"00")) -> 0 | Y31: =SUMIFS($G:$G,$H:$H,$P31,$F:$F,TEXT(Y$5,"00") & "." & TEXT($A$1,"00")) -> 0 | ... AV31: =SUMIFS($G:$G,$H:$H,$P31,$F:$F,TEXT(AV$5,"00") & "." & TEXT($A$1,"00")) -> 0 | AW31: =SUM(Q31:AV31) -> 0
B32: יתרה חודשית | C32: =C24-C18 -> 106284.75 | D32: =D24-D18 -> -10094.81 | G32: 97.77 | H32: ביטוחי חיים (ריסק) | I32: =_xlfn.XLOOKUP(H32,[2]Dropdown!B:B,[2]Dropdown!C:C) -> ביטוחים ופיננסים | J32: ל-ו 2 | M32: הראל | Q32: =SUMIFS($G:$G,$H:$H,$P32,$F:$F,"") -> 0 | R32: =SUMIFS($G:$G,$H:$H,$P32,$F:$F,TEXT(R$5,"00") & "." & TEXT($A$1,"00")) -> 0 | S32: =SUMIFS($G:$G,$H:$H,$P32,$F:$F,TEXT(S$5,"00") & "." & TEXT($A$1,"00")) -> 0 | T32: =SUMIFS($G:$G,$H:$H,$P32,$F:$F,TEXT(T$5,"00") & "." & TEXT($A$1,"00")) -> 0 | U32: =SUMIFS($G:$G,$H:$H,$P32,$F:$F,TEXT(U$5,"00") & "." & TEXT($A$1,"00")) -> 0 | V32: =SUMIFS($G:$G,$H:$H,$P32,$F:$F,TEXT(V$5,"00") & "." & TEXT($A$1,"00")) -> 0 | W32: =SUMIFS($G:$G,$H:$H,$P32,$F:$F,TEXT(W$5,"00") & "." & TEXT($A$1,"00")) -> 0 | X32: =SUMIFS($G:$G,$H:$H,$P32,$F:$F,TEXT(X$5,"00") & "." & TEXT($A$1,"00")) -> 0 | Y32: =SUMIFS($G:$G,$H:$H,$P32,$F:$F,TEXT(Y$5,"00") & "." & TEXT($A$1,"00")) -> 0 | ... AV32: =SUMIFS($G:$G,$H:$H,$P32,$F:$F,TEXT(AV$5,"00") & "." & TEXT($A$1,"00")) -> 0 | AW32: =SUM(Q32:AV32) -> 0
G33: 63.25 | H33: ביטוחי חיים (ריסק) | I33: =_xlfn.XLOOKUP(H33,[2]Dropdown!B:B,[2]Dropdown!C:C) -> ביטוחים ופיננסים | J33: ל-ו 2 | M33: הראל | Q33: =SUMIFS($G:$G,$H:$H,$P33,$F:$F,"") -> 0 | R33: =SUMIFS($G:$G,$H:$H,$P33,$F:$F,TEXT(R$5,"00") & "." & TEXT($A$1,"00")) -> 0 | S33: =SUMIFS($G:$G,$H:$H,$P33,$F:$F,TEXT(S$5,"00") & "." & TEXT($A$1,"00")) -> 0 | T33: =SUMIFS($G:$G,$H:$H,$P33,$F:$F,TEXT(T$5,"00") & "." & TEXT($A$1,"00")) -> 0 | U33: =SUMIFS($G:$G,$H:$H,$P33,$F:$F,TEXT(U$5,"00") & "." & TEXT($A$1,"00")) -> 0 | V33: =SUMIFS($G:$G,$H:$H,$P33,$F:$F,TEXT(V$5,"00") & "." & TEXT($A$1,"00")) -> 0 | W33: =SUMIFS($G:$G,$H:$H,$P33,$F:$F,TEXT(W$5,"00") & "." & TEXT($A$1,"00")) -> 0 | X33: =SUMIFS($G:$G,$H:$H,$P33,$F:$F,TEXT(X$5,"00") & "." & TEXT($A$1,"00")) -> 0 | Y33: =SUMIFS($G:$G,$H:$H,$P33,$F:$F,TEXT(Y$5,"00") & "." & TEXT($A$1,"00")) -> 0 | ... AV33: =SUMIFS($G:$G,$H:$H,$P33,$F:$F,TEXT(AV$5,"00") & "." & TEXT($A$1,"00")) -> 0 | AW33: =SUM(Q33:AV33) -> 0
C34: החזר חודשי | D34: יתרה | G34: 128.05 | H34: ביטוחי חיים (ריסק) | I34: =_xlfn.XLOOKUP(H34,[2]Dropdown!B:B,[2]Dropdown!C:C) -> ביטוחים ופיננסים | J34: ל-ו 2 | M34: מגדל | Q34: =SUMIFS($G:$G,$H:$H,$P34,$F:$F,"") -> 0 | R34: =SUMIFS($G:$G,$H:$H,$P34,$F:$F,TEXT(R$5,"00") & "." & TEXT($A$1,"00")) -> 0 | S34: =SUMIFS($G:$G,$H:$H,$P34,$F:$F,TEXT(S$5,"00") & "." & TEXT($A$1,"00")) -> 0 | T34: =SUMIFS($G:$G,$H:$H,$P34,$F:$F,TEXT(T$5,"00") & "." & TEXT($A$1,"00")) -> 0 | U34: =SUMIFS($G:$G,$H:$H,$P34,$F:$F,TEXT(U$5,"00") & "." & TEXT($A$1,"00")) -> 0 | V34: =SUMIFS($G:$G,$H:$H,$P34,$F:$F,TEXT(V$5,"00") & "." & TEXT($A$1,"00")) -> 0 | W34: =SUMIFS($G:$G,$H:$H,$P34,$F:$F,TEXT(W$5,"00") & "." & TEXT($A$1,"00")) -> 0 | X34: =SUMIFS($G:$G,$H:$H,$P34,$F:$F,TEXT(X$5,"00") & "." & TEXT($A$1,"00")) -> 0 | Y34: =SUMIFS($G:$G,$H:$H,$P34,$F:$F,TEXT(Y$5,"00") & "." & TEXT($A$1,"00")) -> 0 | ... AV34: =SUMIFS($G:$G,$H:$H,$P34,$F:$F,TEXT(AV$5,"00") & "." & TEXT($A$1,"00")) -> 0 | AW34: =SUM(Q34:AV34) -> 0
A35: הלוואות | B35: אדי ויידה | D35: ='1'!D35-C35 -> 58550 | G35: =SUMIF(פקדונות!B:G,$A$1,פקדונות!F:F) -> 500 | H35: תוכניות חסכון | I35: =_xlfn.XLOOKUP(H35,Dropdown!B:B,Dropdown!C:C) -> ביטוחים ופיננסים | J35: חש-ד | Q35: =SUMIFS($G:$G,$H:$H,$P35,$F:$F,"") -> 0 | R35: =SUMIFS($G:$G,$H:$H,$P35,$F:$F,TEXT(R$5,"00") & "." & TEXT($A$1,"00")) -> 0 | S35: =SUMIFS($G:$G,$H:$H,$P35,$F:$F,TEXT(S$5,"00") & "." & TEXT($A$1,"00")) -> 0 | T35: =SUMIFS($G:$G,$H:$H,$P35,$F:$F,TEXT(T$5,"00") & "." & TEXT($A$1,"00")) -> 0 | U35: =SUMIFS($G:$G,$H:$H,$P35,$F:$F,TEXT(U$5,"00") & "." & TEXT($A$1,"00")) -> 0 | V35: =SUMIFS($G:$G,$H:$H,$P35,$F:$F,TEXT(V$5,"00") & "." & TEXT($A$1,"00")) -> 0 | W35: =SUMIFS($G:$G,$H:$H,$P35,$F:$F,TEXT(W$5,"00") & "." & TEXT($A$1,"00")) -> 0 | X35: =SUMIFS($G:$G,$H:$H,$P35,$F:$F,TEXT(X$5,"00") & "." & TEXT($A$1,"00")) -> 0 | Y35: =SUMIFS($G:$G,$H:$H,$P35,$F:$F,TEXT(Y$5,"00") & "." & TEXT($A$1,"00")) -> 0 | ... AV35: =SUMIFS($G:$G,$H:$H,$P35,$F:$F,TEXT(AV$5,"00") & "." & TEXT($A$1,"00")) -> 0 | AW35: =SUM(Q35:AV35) -> 0
B36: סבא | D36: ='1225'!D36-C36 -> 136176 | G36: 0 | H36: עוזרת בית | I36: =_xlfn.XLOOKUP(H36,Dropdown!B:B,Dropdown!C:C) -> תחזוקת דירה ותקשורת | J36: חש-ד | Q36: =SUMIFS($G:$G,$H:$H,$P36,$F:$F,"") -> 0 | R36: =SUMIFS($G:$G,$H:$H,$P36,$F:$F,TEXT(R$5,"00") & "." & TEXT($A$1,"00")) -> 0 | S36: =SUMIFS($G:$G,$H:$H,$P36,$F:$F,TEXT(S$5,"00") & "." & TEXT($A$1,"00")) -> 0 | T36: =SUMIFS($G:$G,$H:$H,$P36,$F:$F,TEXT(T$5,"00") & "." & TEXT($A$1,"00")) -> 0 | U36: =SUMIFS($G:$G,$H:$H,$P36,$F:$F,TEXT(U$5,"00") & "." & TEXT($A$1,"00")) -> 0 | V36: =SUMIFS($G:$G,$H:$H,$P36,$F:$F,TEXT(V$5,"00") & "." & TEXT($A$1,"00")) -> 0 | W36: =SUMIFS($G:$G,$H:$H,$P36,$F:$F,TEXT(W$5,"00") & "." & TEXT($A$1,"00")) -> 0 | X36: =SUMIFS($G:$G,$H:$H,$P36,$F:$F,TEXT(X$5,"00") & "." & TEXT($A$1,"00")) -> 0 | Y36: =SUMIFS($G:$G,$H:$H,$P36,$F:$F,TEXT(Y$5,"00") & "." & TEXT($A$1,"00")) -> 0 | ... AV36: =SUMIFS($G:$G,$H:$H,$P36,$F:$F,TEXT(AV$5,"00") & "." & TEXT($A$1,"00")) -> 0 | AW36: =SUM(Q36:AV36) -> 0
G37: =15000-6000 -> 9000 | H37: משכורת | I37: =_xlfn.XLOOKUP(H37,Dropdown!B:B,Dropdown!C:C) -> עסק | J37: חש-ל | Q37: =SUMIFS($G:$G,$H:$H,$P37,$F:$F,"") -> 0 | R37: =SUMIFS($G:$G,$H:$H,$P37,$F:$F,TEXT(R$5,"00") & "." & TEXT($A$1,"00")) -> 0 | S37: =SUMIFS($G:$G,$H:$H,$P37,$F:$F,TEXT(S$5,"00") & "." & TEXT($A$1,"00")) -> 0 | T37: =SUMIFS($G:$G,$H:$H,$P37,$F:$F,TEXT(T$5,"00") & "." & TEXT($A$1,"00")) -> 0 | U37: =SUMIFS($G:$G,$H:$H,$P37,$F:$F,TEXT(U$5,"00") & "." & TEXT($A$1,"00")) -> 0 | V37: =SUMIFS($G:$G,$H:$H,$P37,$F:$F,TEXT(V$5,"00") & "." & TEXT($A$1,"00")) -> 0 | W37: =SUMIFS($G:$G,$H:$H,$P37,$F:$F,TEXT(W$5,"00") & "." & TEXT($A$1,"00")) -> 0 | X37: =SUMIFS($G:$G,$H:$H,$P37,$F:$F,TEXT(X$5,"00") & "." & TEXT($A$1,"00")) -> 0 | Y37: =SUMIFS($G:$G,$H:$H,$P37,$F:$F,TEXT(Y$5,"00") & "." & TEXT($A$1,"00")) -> 0 | ... AV37: =SUMIFS($G:$G,$H:$H,$P37,$F:$F,TEXT(AV$5,"00") & "." & TEXT($A$1,"00")) -> 0 | AW37: =SUM(Q37:AV37) -> 0
G38: 3217.61 | H38: פנסיה | I38: =_xlfn.XLOOKUP(H38,Dropdown!B:B,Dropdown!C:C) -> עסק | J38: חש-ל
C39: =SUM(C35:C38) -> 0 | D39: =SUM(D35:D38) -> 194726 | G39: 0 | H39: מע"מ | I39: =_xlfn.XLOOKUP(H39,Dropdown!B:B,Dropdown!C:C) -> עסק | J39: ל-פ 2
G40: 5011 | H40: מס הכנסה | I40: =_xlfn.XLOOKUP(H40,Dropdown!B:B,Dropdown!C:C) -> עסק | J40: ל-פ 2
A41: ריכוז נתונים | C41: פניות במסגרת אשראי | G41: 5414 | H41: ביטוח לאומי | I41: =_xlfn.XLOOKUP(H41,Dropdown!B:B,Dropdown!C:C) -> עסק | J41: ל-פ 2
A42: בלת"מ | B42: =SUMIF((INDIRECT("'"&$A$1&"'!"&"N:N")),"<>",(INDIRECT("'"&$A$1&"'!"&"G:G"))) -> 0 | C42: לילי ויזה | D42: =49000-SUM(C2:C3) -> 25941.88 | G42: 600 | H42: רו"ח | I42: =_xlfn.XLOOKUP(H42,Dropdown!B:B,Dropdown!C:C) -> עסק | J42: חש-ל | P42: מצב חשבון | Q42: רגיל | R42: בנייה
A43: תשלומים | B43: =SUMIF((INDIRECT("'"&$A$1&"'!"&"K:K")),"<>",(INDIRECT("'"&$A$1&"'!"&"G:G"))) -> 20101.07 | C43: יניב כאל | D43: =50000-C4 -> 40215.67 | G43: 1713 | H43: קרן השתלמות | I43: =_xlfn.XLOOKUP(H43,Dropdown!B:B,Dropdown!C:C) -> עסק | J43: חש-ל | P43: חודש קודם | Q43: ='1'!Q46 -> -32531.03 | R43: ='1'!R46 -> 98117.61
A44: החזר הלוואות | B44: =SUMIF((INDIRECT("'"&$A$1&"'!"&"H:H")),A44,(INDIRECT("'"&$A$1&"'!"&"G:G"))) -> 0 | C44: לילי פלייקארד | D44: =50000-D4 -> 15128.8 | G44: 43.9 | H44: מנויים | I44: =_xlfn.XLOOKUP(H44,Dropdown!B:B,Dropdown!C:C) -> מזון וקניות | J44: י-ק 2 | M44: Spotify | P44: הכנסות | Q44: =C24 -> 26658.76 | R44: =332466-20000 -> 312466
A45: פקדון | B45: =SUMIF((INDIRECT("'"&$A$1&"'!"&"H:H")),"תוכניות חסכון",(INDIRECT("'"&$A$1&"'!"&"G:G")))+C15 -> 500 | G45: 63.46 | H45: מנויים | I45: =_xlfn.XLOOKUP(H45,Dropdown!B:B,Dropdown!C:C) -> מזון וקניות | J45: ל-פ 1 | M45: ChatCPT | P45: הוצאות | Q45: =C18-R45+R44+SUMIFS((INDIRECT("'"&$A$1&"'!"&"G:G")), (INDIRECT("'"&$A$1&"'!"&"H:H")), R42, (INDIRECT("'"&$A$1&"'!"&"J:J")), "ל-פ 1")+SUMIFS((INDIRECT("'"&$B$1&"'!"&"G:G")),(INDIRECT("'"&$B$1&"'!"&"H:H")), R42,(INDIRECT("'"&$B$1&"'!"&"J:J")), "ל-פ 2") -> 32138.01 | R45: =SUMIFS(G:G,H:H,R42,J:J,"העברה")+SUMIFS((INDIRECT("'"&$A$1&"'!"&"G:G")), (INDIRECT("'"&$A$1&"'!"&"H:H")), R42, (INDIRECT("'"&$A$1&"'!"&"J:J")), "*1*")+SUMIFS((INDIRECT("'"&$B$1&"'!"&"G:G")),(INDIRECT("'"&$B$1&"'!"&"H:H")), R42,(INDIRECT("'"&$B$1&"'!"&"J:J")), "*2*") -> 205062
D46: =SUM(D42:D45) -> 81286.35 | G46: 67 | H46: מנויים | I46: =_xlfn.XLOOKUP(H46,Dropdown!B:B,Dropdown!C:C) -> מזון וקניות | J46: ל-ו 2 | M46: בינה מלאכותית בגובה העיני | P46: מצב חדש | Q46: =Q43+Q44-Q45 -> -38010.28 | R46: =R43+R44-R45 -> 205521.61
G47: 600 | H47: חוגים וקייטנות | I47: =_xlfn.XLOOKUP(H47,Dropdown!B:B,Dropdown!C:C) -> ילדים וחינוך | J47: ל-ו 2 | M47: קרקע בנות
G48: 700 | H48: חוגים וקייטנות | I48: =_xlfn.XLOOKUP(H48,Dropdown!B:B,Dropdown!C:C) -> ילדים וחינוך | J48: ל-ו 2 | M48: ריקוד ליה
G49: 450 | H49: חוגים וקייטנות | I49: =_xlfn.XLOOKUP(H49,Dropdown!B:B,Dropdown!C:C) -> ילדים וחינוך | J49: ל-ו 2 | M49: ריקוד יעל
G50: =390+45 -> 435 | H50: חוגים וקייטנות | I50: =_xlfn.XLOOKUP(H50,Dropdown!B:B,Dropdown!C:C) -> ילדים וחינוך | J50: ל-ו 1 | M50: אופנה
G51: 280 | H51: חוגים וקייטנות | I51: =_xlfn.XLOOKUP(H51,Dropdown!B:B,Dropdown!C:C) -> ילדים וחינוך | J51: ל-ו 1 | M51: יצירה
F52: תשלומים חודשיים ותשלומים קבועים שנתיים
G53: 2000 | H53: בנייה | I53: =_xlfn.XLOOKUP(H53,Dropdown!B:B,Dropdown!C:C) -> תחזוקת דירה ותקשורת | J53: ל-פ 1 | K53: 2 | L53: 07.04.26 | M53: מנורות
G54: 1106.25 | H54: לימודים וקורסים | I54: =_xlfn.XLOOKUP(H54,Dropdown!B:B,Dropdown!C:C) -> תרבות ופנאי | J54: ל-ו 1 | K54: 3 | L54: 08.05.26 | M54: קורס PBI
G55: 2000 | H55: בנייה | I55: =_xlfn.XLOOKUP(H55,[2]Dropdown!B:B,[2]Dropdown!C:C) -> תחזוקת דירה ותקשורת | J55: י-ק 2 | K55: 11 | L55: 10.01.27 | M55: ז. זהבי
G56: 720 | H56: ביטוחים אחרים | I56: =_xlfn.XLOOKUP(H56,[2]Dropdown!B:B,[2]Dropdown!C:C) -> ביטוחים ופיננסים | J56: ל-פ 2 | K56: 0 | L56: 11.02.26 | M56: ביטוח מכנת כביסה
G57: 1501 | H57: חופשות בחו"ל | I57: =_xlfn.XLOOKUP(H57,[2]Dropdown!B:B,[2]Dropdown!C:C) -> תרבות ופנאי | J57: ל-פ 2 | K57: 4 | L57: 10.06.26 | M57: טיסה לגרמניה
G58: 587.72 | H58: חוגים וקייטנות | I58: =_xlfn.XLOOKUP(H58,Dropdown!B:B,Dropdown!C:C) -> ילדים וחינוך | J58: ל-ו 1 | K58: 5 | M58: משחק
G59: 1138.8 | H59: מכשירים | I59: =_xlfn.XLOOKUP(H59,Dropdown!B:B,Dropdown!C:C) -> מזון וקניות | J59: ל-ו 2 | K59: 1 | L59: 12.03.26 | M59: מחשב
G60: 2280.96 | H60: ביטוח לאומי | I60: =_xlfn.XLOOKUP(H60,Dropdown!B:B,Dropdown!C:C) -> עסק | J60: ל-פ 2 | K60: 1 | L60: 21.03.26
G61: 637.2 | H61: הוצאות לעסק | I61: =_xlfn.XLOOKUP(H61,Dropdown!B:B,Dropdown!C:C) -> מזון וקניות | J61: ל-פ 2 | M61: חשבונית ירוקה
G62: 3164 | H62: בנייה | I62: =_xlfn.XLOOKUP(H62,[2]Dropdown!B:B,[2]Dropdown!C:C) -> תחזוקת דירה ותקשורת | J62: ל-ו 2 | K62: 0 | L62: 28.02.26 | M62: פרקט
G63: 1602 | H63: בנייה | I63: =_xlfn.XLOOKUP(H63,[2]Dropdown!B:B,[2]Dropdown!C:C) -> תחזוקת דירה ותקשורת | J63: ל-ו 2 | K63: 0 | L63: 28.02.26 | M63: דלת קו 0
A64: קטגוריה | B64: מנוצל | C64: רצוי | D64: נשאר | E64: חריגה | G64: 2360 | H64: בנייה | I64: =_xlfn.XLOOKUP(H64,[2]Dropdown!B:B,[2]Dropdown!C:C) -> תחזוקת דירה ותקשורת | J64: ל-פ 2 | K64: 0 | L64: 29.02.26 | M64: ליאב
A65: תחזוקת דירה ותקשורת | B65: =SUMIF(I:I,A65,G:G)-SUMIF(H:H,"הוצאות על הבנייה",G:G) -> 220800.23 | C65: ='ממוצע ורצוי'!$N$22 -> 12822 | D65: =IF(C65-B65<0,0,C65-B65) -> 0 | E65: =IF(C65-B65<0,(C65-B65)*-1,0) -> 207978.23 | G65: 1012.34 | H65: ביטוחים אחרים | I65: =_xlfn.XLOOKUP(H65,[2]Dropdown!B:B,[2]Dropdown!C:C) -> ביטוחים ופיננסים | J65: ל-פ 2 | K65: 0 | L65: 02.03.26 | M65: דירה
A66: מזון וקניות | B66: =SUMIF(I:I,A66,G:G) -> 12478.84 | C66: ='ממוצע ורצוי'!$N$38 -> 9000 | D66: =IF(C66-B66<0,0,C66-B66) -> 0 | E66: =IF(C66-B66<0,(C66-B66)*-1,0) -> 3478.84 | G66: 628 | H66: בתי ספר | I66: =_xlfn.XLOOKUP(H66,[2]Dropdown!B:B,[2]Dropdown!C:C) -> ילדים וחינוך | J66: ל-ו 2 | K66: 0 | L66: 02.03.26
A67: רכב ונסיעות | B67: =SUMIF(I:I,A67,G:G) -> 2002.69 | C67: ='ממוצע ורצוי'!$N$54 -> 3240 | D67: =IF(C67-B67<0,0,C67-B67) -> 1237.31 | E67: =IF(C67-B67<0,(C67-B67)*-1,0) -> 0 | F67: שוטף
A68: ילדים וחינוך | B68: =SUMIF(I:I,A68,G:G) -> 4483.42 | C68: ='ממוצע ורצוי'!$N$71 -> 4900 | D68: =IF(C68-B68<0,0,C68-B68) -> 416.58 | E68: =IF(C68-B68<0,(C68-B68)*-1,0) -> 0 | F68: 01.02 | G68: 234.05 | H68: דלק | I68: =_xlfn.XLOOKUP(H68,Dropdown!B:B,Dropdown!C:C) -> רכב ונסיעות | J68: ל-פ 1
A69: תרבות ופנאי | B69: =SUMIF(I:I,A69,G:G) -> 10800.8 | C69: ='ממוצע ורצוי'!$N$88 -> 2600 | D69: =IF(C69-B69<0,0,C69-B69) -> 0 | E69: =IF(C69-B69<0,(C69-B69)*-1,0) -> 8200.8 | F69: 01.02 | G69: 20 | H69: אוכל יניב | I69: =_xlfn.XLOOKUP(H69,Dropdown!B:B,Dropdown!C:C) -> תרבות ופנאי | J69: י-ק 1
A70: בריאות וטיפולים | B70: =SUMIF(I:I,A70,G:G) -> 1949.26 | C70: ='ממוצע ורצוי'!$N$98 -> 980 | D70: =IF(C70-B70<0,0,C70-B70) -> 0 | E70: =IF(C70-B70<0,(C70-B70)*-1,0) -> 969.26 | F70: 01.02 | G70: 39.9 | H70: מזון וטואלטיקה | I70: =_xlfn.XLOOKUP(H70,Dropdown!B:B,Dropdown!C:C) -> מזון וקניות | J70: י-ק 1
A71: ביטוחים ופיננסים | B71: =SUMIF(I:I,A71,G:G) -> 3116.34 | C71: ='ממוצע ורצוי'!$N$111 -> 1330 | D71: =IF(C71-B71<0,0,C71-B71) -> 0 | E71: =IF(C71-B71<0,(C71-B71)*-1,0) -> 1786.34 | F71: 01.02 | G71: 38 | H71: אוכל יניב | I71: =_xlfn.XLOOKUP(H71,Dropdown!B:B,Dropdown!C:C) -> תרבות ופנאי | J71: י-ק 1
F72: 01.02 | G72: 92 | H72: הוצאות לעסק | I72: =_xlfn.XLOOKUP(H72,Dropdown!B:B,Dropdown!C:C) -> מזון וקניות | J72: ל-ו 1
F73: 01.02 | G73: 92 | H73: הוצאות לעסק | I73: =_xlfn.XLOOKUP(H73,Dropdown!B:B,Dropdown!C:C) -> מזון וקניות | J73: ל-ו 1
F74: 01.02 | G74: 22 | H74: אוכל לילי | I74: =_xlfn.XLOOKUP(H74,Dropdown!B:B,Dropdown!C:C) -> תרבות ופנאי | J74: ל-ו 1
F75: 01.02 | G75: 48.6 | H75: מזון וטואלטיקה | I75: =_xlfn.XLOOKUP(H75,Dropdown!B:B,Dropdown!C:C) -> מזון וקניות | J75: ל-ו 1
F76: 01.02 | G76: 6 | H76: מזון וטואלטיקה | I76: =_xlfn.XLOOKUP(H76,Dropdown!B:B,Dropdown!C:C) -> מזון וקניות | J76: ל-ו 1
F77: 01.02 | G77: 60 | H77: בילוים | I77: =_xlfn.XLOOKUP(H77,Dropdown!B:B,Dropdown!C:C) -> תרבות ופנאי | J77: ל-ו 1
F78: 01.02 | G78: 204.4 | H78: מזון וטואלטיקה | I78: =_xlfn.XLOOKUP(H78,Dropdown!B:B,Dropdown!C:C) -> מזון וקניות | J78: ל-ו 1
F79: 02.02 | G79: 223.97 | H79: חופשות בחו"ל | I79: =_xlfn.XLOOKUP(H79,Dropdown!B:B,Dropdown!C:C) -> תרבות ופנאי | J79: ל-פ 1
F80: 02.02 | G80: 48.5 | H80: מזון וטואלטיקה | I80: =_xlfn.XLOOKUP(H80,Dropdown!B:B,Dropdown!C:C) -> מזון וקניות | J80: י-ק 1
F81: 02.02 | G81: 24.5 | H81: מסעדות ומשלוחים | I81: =_xlfn.XLOOKUP(H81,Dropdown!B:B,Dropdown!C:C) -> תרבות ופנאי | J81: ל-ו 1
F82: 02.02 | G82: 555.2 | H82: מזון וטואלטיקה | I82: =_xlfn.XLOOKUP(H82,Dropdown!B:B,Dropdown!C:C) -> מזון וקניות | J82: ל-ו 1
F83: 02.02 | G83: 27 | H83: אוכל יניב | I83: =_xlfn.XLOOKUP(H83,Dropdown!B:B,Dropdown!C:C) -> תרבות ופנאי | J83: י-ק 1
... F234: 17.02 | G234: 101960 | H234: בנייה | I234: =_xlfn.XLOOKUP(H234,Dropdown!B:B,Dropdown!C:C) -> תחזוקת דירה ותקשורת | J234: העברה
I235: =_xlfn.XLOOKUP(H235,Dropdown!B:B,Dropdown!C:C) -> 0
I236: =_xlfn.XLOOKUP(H236,Dropdown!B:B,Dropdown!C:C) -> 0
I237: =_xlfn.XLOOKUP(H237,Dropdown!B:B,Dropdown!C:C) -> 0
I238: =_xlfn.XLOOKUP(H238,Dropdown!B:B,Dropdown!C:C) -> 0
I239: =_xlfn.XLOOKUP(H239,Dropdown!B:B,Dropdown!C:C) -> 0
I240: =_xlfn.XLOOKUP(H240,Dropdown!B:B,Dropdown!C:C) -> 0
I241: =_xlfn.XLOOKUP(H241,Dropdown!B:B,Dropdown!C:C) -> 0
I242: =_xlfn.XLOOKUP(H242,Dropdown!B:B,Dropdown!C:C) -> 0
I243: =_xlfn.XLOOKUP(H243,Dropdown!B:B,Dropdown!C:C) -> 0
I244: =_xlfn.XLOOKUP(H244,Dropdown!B:B,Dropdown!C:C) -> 0
I245: =_xlfn.XLOOKUP(H245,Dropdown!B:B,Dropdown!C:C) -> 0
I246: =_xlfn.XLOOKUP(H246,Dropdown!B:B,Dropdown!C:C) -> 0
... I249: =_xlfn.XLOOKUP(H249,Dropdown!B:B,Dropdown!C:C) -> 0

Sheet 3
A1: 3 | B1: 2 | C1: דיסקונט | D1: לאומי | F1: תאריך | G1: סכום | H1: סוג הוצאה | I1: קטגוריה | J1: איך | K1: # | L1: סיום | N1: בלת"ם
A2: כרטיסי אשראי | B2: כ"א לאומי לילי | C2: =SUMIF((INDIRECT("'"&$B$1&"'!"&"J:J")),"ל-ו 2",(INDIRECT("'"&$B$1&"'!"&"G:G")))+SUMIF((INDIRECT("'"&$A$1&"'!"&"J:J")),"ל-ו 1",(INDIRECT("'"&$A$1&"'!"&"G:G"))) -> 27657.38 | D2: =SUMIF((INDIRECT("'"&$B$1&"'!"&"P:P")),"ל-ל 2",(INDIRECT("'"&$B$1&"'!"&"G:G")))+SUMIF((INDIRECT("'"&$A$1&"'!"&"J:J")),"ל-ל 1",(INDIRECT("'"&$A$1&"'!"&"G:G"))) -> 0 | F2: קבועות
B3: כ"א לאומי לילי חו"ל | C3: =SUMIF((INDIRECT("'"&$B$1&"'!"&"J:J")),"ל-ח 2",(INDIRECT("'"&$B$1&"'!"&"G:G")))+SUMIF((INDIRECT("'"&$A$1&"'!"&"J:J")),"ל-ח 1",(INDIRECT("'"&$A$1&"'!"&"G:G"))) -> 767.83 | E3: =49.9+222.59+69.9+340.08+85.36 -> 767.83 | G3: 10 | H3: עמלות | I3: =_xlfn.XLOOKUP(H3,Dropdown!B:B,Dropdown!C:C) -> ביטוחים ופיננסים | J3: חש-ל
B4: כ"א קאל יניב | C4: =SUMIF((INDIRECT("'"&$B$1&"'!"&"J:J")),"י-ק 2",(INDIRECT("'"&$B$1&"'!"&"G:G")))+SUMIF((INDIRECT("'"&$A$1&"'!"&"J:J")),"י-ק 1",(INDIRECT("'"&$A$1&"'!"&"G:G"))) -> 9500.32 | D4: =SUMIF((INDIRECT("'"&$B$1&"'!"&"J:J")),"ל-פ 2",(INDIRECT("'"&$B$1&"'!"&"G:G")))+SUMIF((INDIRECT("'"&$A$1&"'!"&"J:J")),"ל-פ 1",(INDIRECT("'"&$A$1&"'!"&"G:G"))) -> 26694.22 | G4: 0 | H4: ביוב | I4: =_xlfn.XLOOKUP(H4,Dropdown!B:B,Dropdown!C:C) -> תחזוקת דירה ותקשורת | J4: ל-ו 2
G5: 0 | H5: ארנונה | I5: =_xlfn.XLOOKUP(H5,Dropdown!B:B,Dropdown!C:C) -> תחזוקת דירה ותקשורת | J5: ל-ו 2 | Q5: קבוע | R5: 1 | S5: 2 | T5: 3 | U5: 4 | V5: 5 | W5: 6 | X5: 7 | Y5: 8 | Z5: 9 | AA5: 10 | AB5: 11 | AC5: 12 | AD5: 13 | AE5: 14 | AF5: 15 | AG5: 16 | AH5: 17 | AI5: 18 | AJ5: 19 | AK5: 20 | AL5: 21 | AM5: 22 | AN5: 23 | AO5: 24 | AP5: 25 | AQ5: 26 | AR5: 27 | AS5: 28 | AT5: 29 | AU5: 30 | AV5: 31 | AW5: סה"כ
G6: 1795.18 | H6: ועד בית/ישוב | I6: =_xlfn.XLOOKUP(H6,Dropdown!B:B,Dropdown!C:C) -> תחזוקת דירה ותקשורת | J6: העברה | P6: תחזוקת דירה ותקשורת | Q6: =SUMIFS($G:$G,$I:$I,$P6,$F:$F,"") -> 11855.39 | R6: =SUMIFS($G:$G,$I:$I,$P6,$F:$F, TEXT(R$5,"00") & "." & TEXT($A$1,"00")) -> 0 | S6: =SUMIFS($G:$G,$I:$I,$P6,$F:$F, TEXT(S$5,"00") & "." & TEXT($A$1,"00")) -> 0 | T6: =SUMIFS($G:$G,$I:$I,$P6,$F:$F, TEXT(T$5,"00") & "." & TEXT($A$1,"00")) -> 0 | U6: =SUMIFS($G:$G,$I:$I,$P6,$F:$F, TEXT(U$5,"00") & "." & TEXT($A$1,"00")) -> 0 | V6: =SUMIFS($G:$G,$I:$I,$P6,$F:$F, TEXT(V$5,"00") & "." & TEXT($A$1,"00")) -> 0 | W6: =SUMIFS($G:$G,$I:$I,$P6,$F:$F, TEXT(W$5,"00") & "." & TEXT($A$1,"00")) -> 0 | X6: =SUMIFS($G:$G,$I:$I,$P6,$F:$F, TEXT(X$5,"00") & "." & TEXT($A$1,"00")) -> 0 | Y6: =SUMIFS($G:$G,$I:$I,$P6,$F:$F, TEXT(Y$5,"00") & "." & TEXT($A$1,"00")) -> 0 | ... AV6: =SUMIFS($G:$G,$I:$I,$P6,$F:$F, TEXT(AV$5,"00") & "." & TEXT($A$1,"00")) -> 0 | AW6: =SUM(Q6:AV6) -> 14669.55
A7: הלוואה | B7: הלוואה | C7: =SUMIF((INDIRECT("'"&$A$1&"'!"&"J:J")),"הל-ד",(INDIRECT("'"&$A$1&"'!"&"G:G"))) -> 0 | D7: =SUMIF((INDIRECT("'"&$A$1&"'!"&"J:J")),"הל-ל",(INDIRECT("'"&$A$1&"'!"&"G:G"))) -> 0 | G7: 0 | H7: טלפון (נייח) | I7: =_xlfn.XLOOKUP(H7,Dropdown!B:B,Dropdown!C:C) -> תחזוקת דירה ותקשורת | J7: העברה | P7: מזון וקניות | Q7: =SUMIFS($G:$G,$I:$I,$P7,$F:$F,"") -> 1312.24 | R7: =SUMIFS($G:$G,$I:$I,$P7,$F:$F, TEXT(R$5,"00") & "." & TEXT($A$1,"00")) -> 1379.28 | S7: =SUMIFS($G:$G,$I:$I,$P7,$F:$F, TEXT(S$5,"00") & "." & TEXT($A$1,"00")) -> 0 | T7: =SUMIFS($G:$G,$I:$I,$P7,$F:$F, TEXT(T$5,"00") & "." & TEXT($A$1,"00")) -> 0 | U7: =SUMIFS($G:$G,$I:$I,$P7,$F:$F, TEXT(U$5,"00") & "." & TEXT($A$1,"00")) -> 1369.49 | V7: =SUMIFS($G:$G,$I:$I,$P7,$F:$F, TEXT(V$5,"00") & "." & TEXT($A$1,"00")) -> 229.34 | W7: =SUMIFS($G:$G,$I:$I,$P7,$F:$F, TEXT(W$5,"00") & "." & TEXT($A$1,"00")) -> 759.49 | X7: =SUMIFS($G:$G,$I:$I,$P7,$F:$F, TEXT(X$5,"00") & "." & TEXT($A$1,"00")) -> 0 | Y7: =SUMIFS($G:$G,$I:$I,$P7,$F:$F, TEXT(Y$5,"00") & "." & TEXT($A$1,"00")) -> 330.69 | ... AV7: =SUMIFS($G:$G,$I:$I,$P7,$F:$F, TEXT(AV$5,"00") & "." & TEXT($A$1,"00")) -> 13.37 | AW7: =SUM(Q7:AV7) -> 17594.6
B8: משכנתא | C8: =SUMIFS((INDIRECT("'"&$A$1&"'!"&"G:G")),(INDIRECT("'"&$A$1&"'!"&"J:J")),"חש-ד",(INDIRECT("'"&$A$1&"'!"&"H:H")),"משכנתא") -> 4062.86 | G8: 95 | H8: אינטרנט | I8: =_xlfn.XLOOKUP(H8,Dropdown!B:B,Dropdown!C:C) -> תחזוקת דירה ותקשורת | J8: העברה | P8: רכב ונסיעות | Q8: =SUMIFS($G:$G,$I:$I,$P8,$F:$F,"") -> 1184.75 | R8: =SUMIFS($G:$G,$I:$I,$P8,$F:$F, TEXT(R$5,"00") & "." & TEXT($A$1,"00")) -> 0 | S8: =SUMIFS($G:$G,$I:$I,$P8,$F:$F, TEXT(S$5,"00") & "." & TEXT($A$1,"00")) -> 0 | T8: =SUMIFS($G:$G,$I:$I,$P8,$F:$F, TEXT(T$5,"00") & "." & TEXT($A$1,"00")) -> 0 | U8: =SUMIFS($G:$G,$I:$I,$P8,$F:$F, TEXT(U$5,"00") & "." & TEXT($A$1,"00")) -> 0 | V8: =SUMIFS($G:$G,$I:$I,$P8,$F:$F, TEXT(V$5,"00") & "." & TEXT($A$1,"00")) -> 0 | W8: =SUMIFS($G:$G,$I:$I,$P8,$F:$F, TEXT(W$5,"00") & "." & TEXT($A$1,"00")) -> 0 | X8: =SUMIFS($G:$G,$I:$I,$P8,$F:$F, TEXT(X$5,"00") & "." & TEXT($A$1,"00")) -> 0 | Y8: =SUMIFS($G:$G,$I:$I,$P8,$F:$F, TEXT(Y$5,"00") & "." & TEXT($A$1,"00")) -> 0 | ... AV8: =SUMIFS($G:$G,$I:$I,$P8,$F:$F, TEXT(AV$5,"00") & "." & TEXT($A$1,"00")) -> 0 | AW8: =SUM(Q8:AV8) -> 1683.91
A9: קבועים | B9: קיבוץ/שוטף | C9: 3912.18 | D9: =SUMIFS((INDIRECT("'"&$A$1&"'!"&"G:G")),(INDIRECT("'"&$A$1&"'!"&"J:J")),"חש-ל",(INDIRECT("'"&$A$1&"'!"&"H:H")),"פנסיה")+SUMIFS((INDIRECT("'"&$A$1&"'!"&"G:G")),(INDIRECT("'"&$A$1&"'!"&"J:J")),"חש-ל",(INDIRECT("'"&$A$1&"'!"&"H:H")),"רו""ח")+SUMIFS((INDIRECT("'"&$A$1&"'!"&"G:G")),(INDIRECT("'"&$A$1&"'!"&"J:J")),"חש-ל",(INDIRECT("'"&$A$1&"'!"&"H:H")),"ביטוח לאומי")+SUMIFS((INDIRECT("'"&$A$1&"'!"&"G:G")),(INDIRECT("'"&$A$1&"'!"&"J:J")),"חש-ל",(INDIRECT("'"&$A$1&"'!"&"H:H")),"מע""מ")+SUMIFS((INDIRECT("'"&$A$1&"'!"&"G:G")),(INDIRECT("'"&$A$1&"'!"&"J:J")),"חש-ל",(INDIRECT("'"&$A$1&"'!"&"H:H")),"מס הכנסה")+SUMIFS((INDIRECT("'"&$A$1&"'!"&"G:G")),(INDIRECT("'"&$A$1&"'!"&"J:J")),"חש-ל",(INDIRECT("'"&$A$1&"'!"&"H:H")),"קרן השתלמות") -> 5530.61 | G9: 111 | H9: קופ"ח + משלים | I9: =_xlfn.XLOOKUP(H9,Dropdown!B:B,Dropdown!C:C) -> בריאות וטיפולים | J9: העברה | P9: ילדים וחינוך | Q9: =SUMIFS($G:$G,$I:$I,$P9,$F:$F,"") -> 3257.72 | R9: =SUMIFS($G:$G,$I:$I,$P9,$F:$F, TEXT(R$5,"00") & "." & TEXT($A$1,"00")) -> 0 | S9: =SUMIFS($G:$G,$I:$I,$P9,$F:$F, TEXT(S$5,"00") & "." & TEXT($A$1,"00")) -> 0 | T9: =SUMIFS($G:$G,$I:$I,$P9,$F:$F, TEXT(T$5,"00") & "." & TEXT($A$1,"00")) -> 0 | U9: =SUMIFS($G:$G,$I:$I,$P9,$F:$F, TEXT(U$5,"00") & "." & TEXT($A$1,"00")) -> 0 | V9: =SUMIFS($G:$G,$I:$I,$P9,$F:$F, TEXT(V$5,"00") & "." & TEXT($A$1,"00")) -> 0 | W9: =SUMIFS($G:$G,$I:$I,$P9,$F:$F, TEXT(W$5,"00") & "." & TEXT($A$1,"00")) -> 0 | X9: =SUMIFS($G:$G,$I:$I,$P9,$F:$F, TEXT(X$5,"00") & "." & TEXT($A$1,"00")) -> 0 | Y9: =SUMIFS($G:$G,$I:$I,$P9,$F:$F, TEXT(Y$5,"00") & "." & TEXT($A$1,"00")) -> 0 | ... AV9: =SUMIFS($G:$G,$I:$I,$P9,$F:$F, TEXT(AV$5,"00") & "." & TEXT($A$1,"00")) -> 0 | AW9: =SUM(Q9:AV9) -> 3707.72
B10: אחר | G10: 386 | H10: ביטוח בריאות פרטי | I10: =_xlfn.XLOOKUP(H10,Dropdown!B:B,Dropdown!C:C) -> בריאות וטיפולים | J10: העברה | P10: תרבות ופנאי | Q10: =SUMIFS($G:$G,$I:$I,$P10,$F:$F,"") -> 2607.24 | R10: =SUMIFS($G:$G,$I:$I,$P10,$F:$F, TEXT(R$5,"00") & "." & TEXT($A$1,"00")) -> 0 | S10: =SUMIFS($G:$G,$I:$I,$P10,$F:$F, TEXT(S$5,"00") & "." & TEXT($A$1,"00")) -> 24.5 | T10: =SUMIFS($G:$G,$I:$I,$P10,$F:$F, TEXT(T$5,"00") & "." & TEXT($A$1,"00")) -> 168.75 | U10: =SUMIFS($G:$G,$I:$I,$P10,$F:$F, TEXT(U$5,"00") & "." & TEXT($A$1,"00")) -> 249 | V10: =SUMIFS($G:$G,$I:$I,$P10,$F:$F, TEXT(V$5,"00") & "." & TEXT($A$1,"00")) -> 0 | W10: =SUMIFS($G:$G,$I:$I,$P10,$F:$F, TEXT(W$5,"00") & "." & TEXT($A$1,"00")) -> 0 | X10: =SUMIFS($G:$G,$I:$I,$P10,$F:$F, TEXT(X$5,"00") & "." & TEXT($A$1,"00")) -> 0 | Y10: =SUMIFS($G:$G,$I:$I,$P10,$F:$F, TEXT(Y$5,"00") & "." & TEXT($A$1,"00")) -> 0 | ... AV10: =SUMIFS($G:$G,$I:$I,$P10,$F:$F, TEXT(AV$5,"00") & "." & TEXT($A$1,"00")) -> 216 | AW10: =SUM(Q10:AV10) -> 4936.05
A11: תשלומים | B11: עמלות | C11: =SUMIFS((INDIRECT("'"&$A$1&"'!"&"G:G")),(INDIRECT("'"&$A$1&"'!"&"J:J")),"חש-ד",(INDIRECT("'"&$A$1&"'!"&"H:H")),"עמלות") -> 9.9 | D11: =SUMIFS((INDIRECT("'"&$A$1&"'!"&"G:G")),(INDIRECT("'"&$A$1&"'!"&"J:J")),"חש-ל",(INDIRECT("'"&$A$1&"'!"&"H:H")),"עמלות") -> 22 | G11: 100 | H11: ביטוח דירה | I11: =_xlfn.XLOOKUP(H11,Dropdown!B:B,Dropdown!C:C) -> תחזוקת דירה ותקשורת | J11: העברה | P11: בריאות וטיפולים | Q11: =SUMIFS($G:$G,$I:$I,$P11,$F:$F,"") -> 1397.47 | R11: =SUMIFS($G:$G,$I:$I,$P11,$F:$F, TEXT(R$5,"00") & "." & TEXT($A$1,"00")) -> 0 | S11: =SUMIFS($G:$G,$I:$I,$P11,$F:$F, TEXT(S$5,"00") & "." & TEXT($A$1,"00")) -> 135 | T11: =SUMIFS($G:$G,$I:$I,$P11,$F:$F, TEXT(T$5,"00") & "." & TEXT($A$1,"00")) -> 0 | U11: =SUMIFS($G:$G,$I:$I,$P11,$F:$F, TEXT(U$5,"00") & "." & TEXT($A$1,"00")) -> 0 | V11: =SUMIFS($G:$G,$I:$I,$P11,$F:$F, TEXT(V$5,"00") & "." & TEXT($A$1,"00")) -> 0 | W11: =SUMIFS($G:$G,$I:$I,$P11,$F:$F, TEXT(W$5,"00") & "." & TEXT($A$1,"00")) -> 0 | X11: =SUMIFS($G:$G,$I:$I,$P11,$F:$F, TEXT(X$5,"00") & "." & TEXT($A$1,"00")) -> 0 | Y11: =SUMIFS($G:$G,$I:$I,$P11,$F:$F, TEXT(Y$5,"00") & "." & TEXT($A$1,"00")) -> 0 | ... AV11: =SUMIFS($G:$G,$I:$I,$P11,$F:$F, TEXT(AV$5,"00") & "." & TEXT($A$1,"00")) -> 0 | AW11: =SUM(Q11:AV11) -> 1532.47
B12: העברה בין חשבונות | D12: =SUMIFS((INDIRECT("'"&$A$1&"'!"&"G:G")),(INDIRECT("'"&$A$1&"'!"&"J:J")),"חש-ל",(INDIRECT("'"&$A$1&"'!"&"H:H")),"משכורת") -> 10000 | G12: 0 | H12: מים | I12: =_xlfn.XLOOKUP(H12,Dropdown!B:B,Dropdown!C:C) -> תחזוקת דירה ותקשורת | J12: העברה | P12: ביטוחים ופיננסים | Q12: =SUMIFS($G:$G,$I:$I,$P12,$F:$F,"") -> 1421.86 | R12: =SUMIFS($G:$G,$I:$I,$P12,$F:$F, TEXT(R$5,"00") & "." & TEXT($A$1,"00")) -> 0 | S12: =SUMIFS($G:$G,$I:$I,$P12,$F:$F, TEXT(S$5,"00") & "." & TEXT($A$1,"00")) -> 0 | T12: =SUMIFS($G:$G,$I:$I,$P12,$F:$F, TEXT(T$5,"00") & "." & TEXT($A$1,"00")) -> 0 | U12: =SUMIFS($G:$G,$I:$I,$P12,$F:$F, TEXT(U$5,"00") & "." & TEXT($A$1,"00")) -> 0 | V12: =SUMIFS($G:$G,$I:$I,$P12,$F:$F, TEXT(V$5,"00") & "." & TEXT($A$1,"00")) -> 0 | W12: =SUMIFS($G:$G,$I:$I,$P12,$F:$F, TEXT(W$5,"00") & "." & TEXT($A$1,"00")) -> 0 | X12: =SUMIFS($G:$G,$I:$I,$P12,$F:$F, TEXT(X$5,"00") & "." & TEXT($A$1,"00")) -> 0 | Y12: =SUMIFS($G:$G,$I:$I,$P12,$F:$F, TEXT(Y$5,"00") & "." & TEXT($A$1,"00")) -> 0 | ... AV12: =SUMIFS($G:$G,$I:$I,$P12,$F:$F, TEXT(AV$5,"00") & "." & TEXT($A$1,"00")) -> 21.9 | AW12: =SUM(Q12:AV12) -> 1478.66
B13: העברה | G13: 205 | H13: חוגים וקייטנות | I13: =_xlfn.XLOOKUP(H13,Dropdown!B:B,Dropdown!C:C) -> ילדים וחינוך | J13: העברה | P13: עסק | Q13: =SUMIFS($G:$G,$I:$I,$P13,$F:$F,"") -> 41233.57 | R13: =SUMIFS($G:$G,$I:$I,$P13,$F:$F, TEXT(R$5,"00") & "." & TEXT($A$1,"00")) -> 0 | S13: =SUMIFS($G:$G,$I:$I,$P13,$F:$F, TEXT(S$5,"00") & "." & TEXT($A$1,"00")) -> 0 | T13: =SUMIFS($G:$G,$I:$I,$P13,$F:$F, TEXT(T$5,"00") & "." & TEXT($A$1,"00")) -> 0 | U13: =SUMIFS($G:$G,$I:$I,$P13,$F:$F, TEXT(U$5,"00") & "." & TEXT($A$1,"00")) -> 0 | V13: =SUMIFS($G:$G,$I:$I,$P13,$F:$F, TEXT(V$5,"00") & "." & TEXT($A$1,"00")) -> 0 | W13: =SUMIFS($G:$G,$I:$I,$P13,$F:$F, TEXT(W$5,"00") & "." & TEXT($A$1,"00")) -> 0 | X13: =SUMIFS($G:$G,$I:$I,$P13,$F:$F, TEXT(X$5,"00") & "." & TEXT($A$1,"00")) -> 0 | Y13: =SUMIFS($G:$G,$I:$I,$P13,$F:$F, TEXT(Y$5,"00") & "." & TEXT($A$1,"00")) -> 0 | ... AV13: =SUMIFS($G:$G,$I:$I,$P13,$F:$F, TEXT(AV$5,"00") & "." & TEXT($A$1,"00")) -> 0 | AW13: =SUM(Q13:AV13) -> 41233.57
A14: מזומן | B14: כספומט | G14: 0 | H14: חוגים וקייטנות | I14: =_xlfn.XLOOKUP(H14,Dropdown!B:B,Dropdown!C:C) -> ילדים וחינוך | J14: העברה
A15: שחרור פקדון | C15: =-SUMIF(פקדונות!B:G,$A$1,פקדונות!E:E) -> 0 | D15: =-SUMIF(פקדונות!K:P,$A$1,פקדונות!N:N) -> 0 | G15: 2017.64 | H15: משכנתא | I15: =_xlfn.XLOOKUP(H15,Dropdown!B:B,Dropdown!C:C) -> תחזוקת דירה ותקשורת | J15: חש-ד
A16: חסכון | B16: פקדון | C16: =SUMIF(פקדונות!B:G,$A$1,פקדונות!F:F) -> 500 | D16: =SUMIF(פקדונות!K:P,$A$1,פקדונות!O:O) -> 0 | G16: 2045.22 | H16: משכנתא | I16: =_xlfn.XLOOKUP(H16,Dropdown!B:B,Dropdown!C:C) -> תחזוקת דירה ותקשורת | J16: חש-ד
A17: הוצאות עתידיות | G17: 0 | H17: משכנתא | I17: =_xlfn.XLOOKUP(H17,Dropdown!B:B,Dropdown!C:C) -> תחזוקת דירה ותקשורת | J17: חש-ד | P17: קטגוריה
A18: סך הוצאות | C18: =SUM(C2:C17) -> 46410.47 | D18: =SUM(D2:D17) -> 42246.83 | G18: 975.62 | H18: חשמל | I18: =_xlfn.XLOOKUP(H18,Dropdown!B:B,Dropdown!C:C) -> תחזוקת דירה ותקשורת | J18: י-ק 2 | P18: מזון וקניות | Q18: קבוע | R18: 1 | S18: 2 | T18: 3 | U18: 4 | V18: 5 | W18: 6 | X18: 7 | Y18: 8 | Z18: 9 | AA18: 10 | AB18: 11 | AC18: 12 | AD18: 13 | AE18: 14 | AF18: 15 | AG18: 16 | AH18: 17 | AI18: 18 | AJ18: 19 | AK18: 20 | AL18: 21 | AM18: 22 | AN18: 23 | AO18: 24 | AP18: 25 | AQ18: 26 | AR18: 27 | AS18: 28 | AT18: 29 | AU18: 30 | AV18: 31 | AW18: סה"כ
G19: 99.82 | H19: כבלים | I19: =_xlfn.XLOOKUP(H19,Dropdown!B:B,Dropdown!C:C) -> תחזוקת דירה ותקשורת | J19: ל-ו 2 | P19: {=_xlfn._xlws.FILTER(Dropdown!$B:$B,Dropdown!$C:$C = $P$18)} -> מזון וטואלטיקה | Q19: =SUMIFS($G:$G,$H:$H,$P19,$F:$F,"") -> 0 | R19: =SUMIFS($G:$G,$H:$H,$P19,$F:$F,TEXT(R$5,"00") & "." & TEXT($A$1,"00")) -> 1379.28 | S19: =SUMIFS($G:$G,$H:$H,$P19,$F:$F,TEXT(S$5,"00") & "." & TEXT($A$1,"00")) -> 0 | T19: =SUMIFS($G:$G,$H:$H,$P19,$F:$F,TEXT(T$5,"00") & "." & TEXT($A$1,"00")) -> 0 | U19: =SUMIFS($G:$G,$H:$H,$P19,$F:$F,TEXT(U$5,"00") & "." & TEXT($A$1,"00")) -> 1146.9 | V19: =SUMIFS($G:$G,$H:$H,$P19,$F:$F,TEXT(V$5,"00") & "." & TEXT($A$1,"00")) -> 229.34 | W19: =SUMIFS($G:$G,$H:$H,$P19,$F:$F,TEXT(W$5,"00") & "." & TEXT($A$1,"00")) -> 759.49 | X19: =SUMIFS($G:$G,$H:$H,$P19,$F:$F,TEXT(X$5,"00") & "." & TEXT($A$1,"00")) -> 0 | Y19: =SUMIFS($G:$G,$H:$H,$P19,$F:$F,TEXT(Y$5,"00") & "." & TEXT($A$1,"00")) -> 0 | ... AV19: =SUMIFS($G:$G,$H:$H,$P19,$F:$F,TEXT(AV$5,"00") & "." & TEXT($A$1,"00")) -> 13.37 | AW19: =SUM(Q19:AV19) -> 10737.5
A20: הכנסות | B20: משכורת יניב | C20: 41781.02 | D20: =SUMIFS(עסק!AA:AA,עסק!Z:Z,$A$1,עסק!AC:AC,"צ'ק") -> 0 | G20: 69.9 | H20: כבלים | I20: =_xlfn.XLOOKUP(H20,Dropdown!B:B,Dropdown!C:C) -> תחזוקת דירה ותקשורת | J20: ל-ח 1 | P20: סיגריות | Q20: =SUMIFS($G:$G,$H:$H,$P20,$F:$F,"") -> 0 | R20: =SUMIFS($G:$G,$H:$H,$P20,$F:$F,TEXT(R$5,"00") & "." & TEXT($A$1,"00")) -> 0 | S20: =SUMIFS($G:$G,$H:$H,$P20,$F:$F,TEXT(S$5,"00") & "." & TEXT($A$1,"00")) -> 0 | T20: =SUMIFS($G:$G,$H:$H,$P20,$F:$F,TEXT(T$5,"00") & "." & TEXT($A$1,"00")) -> 0 | U20: =SUMIFS($G:$G,$H:$H,$P20,$F:$F,TEXT(U$5,"00") & "." & TEXT($A$1,"00")) -> 0 | V20: =SUMIFS($G:$G,$H:$H,$P20,$F:$F,TEXT(V$5,"00") & "." & TEXT($A$1,"00")) -> 0 | W20: =SUMIFS($G:$G,$H:$H,$P20,$F:$F,TEXT(W$5,"00") & "." & TEXT($A$1,"00")) -> 0 | X20: =SUMIFS($G:$G,$H:$H,$P20,$F:$F,TEXT(X$5,"00") & "." & TEXT($A$1,"00")) -> 0 | Y20: =SUMIFS($G:$G,$H:$H,$P20,$F:$F,TEXT(Y$5,"00") & "." & TEXT($A$1,"00")) -> 0 | ... AV20: =SUMIFS($G:$G,$H:$H,$P20,$F:$F,TEXT(AV$5,"00") & "." & TEXT($A$1,"00")) -> 0 | AW20: =SUM(Q20:AV20) -> 0
B21: משכורת לילי | C21: =SUMIFS((INDIRECT("'"&$A$1&"'!"&"G:G")),(INDIRECT("'"&$A$1&"'!"&"J:J")),"חש-ל",(INDIRECT("'"&$A$1&"'!"&"H:H")),"משכורת") -> 10000 | D21: =SUMIFS(עסק!E:E,עסק!D:D,$A$1,עסק!G:G,"העברה")+SUMIFS(עסק!E:E,עסק!D:D,$A$1,עסק!G:G,"צ'ק") -> 47501 | G21: 49.9 | H21: כבלים | I21: =_xlfn.XLOOKUP(H21,Dropdown!B:B,Dropdown!C:C) -> תחזוקת דירה ותקשורת | J21: ל-ח 1 | P21: טיפוח ויופי | Q21: =SUMIFS($G:$G,$H:$H,$P21,$F:$F,"") -> 0 | R21: =SUMIFS($G:$G,$H:$H,$P21,$F:$F,TEXT(R$5,"00") & "." & TEXT($A$1,"00")) -> 0 | S21: =SUMIFS($G:$G,$H:$H,$P21,$F:$F,TEXT(S$5,"00") & "." & TEXT($A$1,"00")) -> 0 | T21: =SUMIFS($G:$G,$H:$H,$P21,$F:$F,TEXT(T$5,"00") & "." & TEXT($A$1,"00")) -> 0 | U21: =SUMIFS($G:$G,$H:$H,$P21,$F:$F,TEXT(U$5,"00") & "." & TEXT($A$1,"00")) -> 0 | V21: =SUMIFS($G:$G,$H:$H,$P21,$F:$F,TEXT(V$5,"00") & "." & TEXT($A$1,"00")) -> 0 | W21: =SUMIFS($G:$G,$H:$H,$P21,$F:$F,TEXT(W$5,"00") & "." & TEXT($A$1,"00")) -> 0 | X21: =SUMIFS($G:$G,$H:$H,$P21,$F:$F,TEXT(X$5,"00") & "." & TEXT($A$1,"00")) -> 0 | Y21: =SUMIFS($G:$G,$H:$H,$P21,$F:$F,TEXT(Y$5,"00") & "." & TEXT($A$1,"00")) -> 0 | ... AV21: =SUMIFS($G:$G,$H:$H,$P21,$F:$F,TEXT(AV$5,"00") & "." & TEXT($A$1,"00")) -> 0 | AW21: =SUM(Q21:AV21) -> 0
B22: קצבה | C22: 276 | G22: 132.4 | H22: טלפונים ניידים | I22: =_xlfn.XLOOKUP(H22,Dropdown!B:B,Dropdown!C:C) -> תחזוקת דירה ותקשורת | J22: ל-ו 2 | P22: קוסמטיקה | Q22: =SUMIFS($G:$G,$H:$H,$P22,$F:$F,"") -> 0 | R22: =SUMIFS($G:$G,$H:$H,$P22,$F:$F,TEXT(R$5,"00") & "." & TEXT($A$1,"00")) -> 0 | S22: =SUMIFS($G:$G,$H:$H,$P22,$F:$F,TEXT(S$5,"00") & "." & TEXT($A$1,"00")) -> 0 | T22: =SUMIFS($G:$G,$H:$H,$P22,$F:$F,TEXT(T$5,"00") & "." & TEXT($A$1,"00")) -> 0 | U22: =SUMIFS($G:$G,$H:$H,$P22,$F:$F,TEXT(U$5,"00") & "." & TEXT($A$1,"00")) -> 0 | V22: =SUMIFS($G:$G,$H:$H,$P22,$F:$F,TEXT(V$5,"00") & "." & TEXT($A$1,"00")) -> 0 | W22: =SUMIFS($G:$G,$H:$H,$P22,$F:$F,TEXT(W$5,"00") & "." & TEXT($A$1,"00")) -> 0 | X22: =SUMIFS($G:$G,$H:$H,$P22,$F:$F,TEXT(X$5,"00") & "." & TEXT($A$1,"00")) -> 0 | Y22: =SUMIFS($G:$G,$H:$H,$P22,$F:$F,TEXT(Y$5,"00") & "." & TEXT($A$1,"00")) -> 0 | ... AV22: =SUMIFS($G:$G,$H:$H,$P22,$F:$F,TEXT(AV$5,"00") & "." & TEXT($A$1,"00")) -> 0 | AW22: =SUM(Q22:AV22) -> 0
B23: עסק | C23: =SUMIFS(עסק!$E:$E,עסק!$D:$D,$A$1,עסק!F:F,"כן",עסק!G:G,"ביט" )+SUMIFS(עסק!$AA:$AA,עסק!$Z:$Z,$A$1,עסק!AB:AB,"כן",עסק!AC:AC,"ביט" )+SUMIFS(עסק!AA:AA,עסק!Z:Z,$A$1,עסק!AC:AC,"העברה") -> 1160 | G23: 80.47 | H23: ביטוח בריאות פרטי | I23: =_xlfn.XLOOKUP(H23,[2]Dropdown!B:B,[2]Dropdown!C:C) -> בריאות וטיפולים | J23: ל-ו 2 | M23: מנורה | P23: ביגוד והנעלה | Q23: =SUMIFS($G:$G,$H:$H,$P23,$F:$F,"") -> 0 | R23: =SUMIFS($G:$G,$H:$H,$P23,$F:$F,TEXT(R$5,"00") & "." & TEXT($A$1,"00")) -> 0 | S23: =SUMIFS($G:$G,$H:$H,$P23,$F:$F,TEXT(S$5,"00") & "." & TEXT($A$1,"00")) -> 0 | T23: =SUMIFS($G:$G,$H:$H,$P23,$F:$F,TEXT(T$5,"00") & "." & TEXT($A$1,"00")) -> 0 | U23: =SUMIFS($G:$G,$H:$H,$P23,$F:$F,TEXT(U$5,"00") & "." & TEXT($A$1,"00")) -> 0 | V23: =SUMIFS($G:$G,$H:$H,$P23,$F:$F,TEXT(V$5,"00") & "." & TEXT($A$1,"00")) -> 0 | W23: =SUMIFS($G:$G,$H:$H,$P23,$F:$F,TEXT(W$5,"00") & "." & TEXT($A$1,"00")) -> 0 | X23: =SUMIFS($G:$G,$H:$H,$P23,$F:$F,TEXT(X$5,"00") & "." & TEXT($A$1,"00")) -> 0 | Y23: =SUMIFS($G:$G,$H:$H,$P23,$F:$F,TEXT(Y$5,"00") & "." & TEXT($A$1,"00")) -> 330.69 | ... AV23: =SUMIFS($G:$G,$H:$H,$P23,$F:$F,TEXT(AV$5,"00") & "." & TEXT($A$1,"00")) -> 0 | AW23: =SUM(Q23:AV23) -> 1238.79
A24: סה"כ | C24: =SUM(C20:C23) -> 53217.02 | D24: =SUM(D20:D23) -> 47501 | G24: 29.88 | H24: ביטוח בריאות פרטי | I24: =_xlfn.XLOOKUP(H24,[2]Dropdown!B:B,[2]Dropdown!C:C) -> בריאות וטיפולים | J24: ל-ו 2 | M24: כלל | P24: קניות שונות | Q24: =SUMIFS($G:$G,$H:$H,$P24,$F:$F,"") -> 0 | R24: =SUMIFS($G:$G,$H:$H,$P24,$F:$F,TEXT(R$5,"00") & "." & TEXT($A$1,"00")) -> 0 | S24: =SUMIFS($G:$G,$H:$H,$P24,$F:$F,TEXT(S$5,"00") & "." & TEXT($A$1,"00")) -> 0 | T24: =SUMIFS($G:$G,$H:$H,$P24,$F:$F,TEXT(T$5,"00") & "." & TEXT($A$1,"00")) -> 0 | U24: =SUMIFS($G:$G,$H:$H,$P24,$F:$F,TEXT(U$5,"00") & "." & TEXT($A$1,"00")) -> 222.59 | V24: =SUMIFS($G:$G,$H:$H,$P24,$F:$F,TEXT(V$5,"00") & "." & TEXT($A$1,"00")) -> 0 | W24: =SUMIFS($G:$G,$H:$H,$P24,$F:$F,TEXT(W$5,"00") & "." & TEXT($A$1,"00")) -> 0 | X24: =SUMIFS($G:$G,$H:$H,$P24,$F:$F,TEXT(X$5,"00") & "." & TEXT($A$1,"00")) -> 0 | Y24: =SUMIFS($G:$G,$H:$H,$P24,$F:$F,TEXT(Y$5,"00") & "." & TEXT($A$1,"00")) -> 0 | ... AV24: =SUMIFS($G:$G,$H:$H,$P24,$F:$F,TEXT(AV$5,"00") & "." & TEXT($A$1,"00")) -> 0 | AW24: =SUM(Q24:AV24) -> 2908.07
A25: אחרות | B25: אחרות | D25: =SUMIFS(עסק!E:E,עסק!D:D,A1,עסק!G:G,"מזומן")+SUMIFS(עסק!E:E,עסק!D:D,A1,עסק!G:G,"ביט")+SUMIFS(עסק!AA:AA,עסק!Z:Z,A1,עסק!AC:AC,"מזומן")+SUMIFS(עסק!AA:AA,עסק!Z:Z,A1,עסק!AC:AC,"ביט") -> 700 | G25: 10.39 | H25: ביטוח בריאות פרטי | I25: =_xlfn.XLOOKUP(H25,[2]Dropdown!B:B,[2]Dropdown!C:C) -> בריאות וטיפולים | J25: ל-ו 2 | M25: הראל | P25: מזומן ללא מעקב | Q25: =SUMIFS($G:$G,$H:$H,$P25,$F:$F,"") -> 0 | R25: =SUMIFS($G:$G,$H:$H,$P25,$F:$F,TEXT(R$5,"00") & "." & TEXT($A$1,"00")) -> 0 | S25: =SUMIFS($G:$G,$H:$H,$P25,$F:$F,TEXT(S$5,"00") & "." & TEXT($A$1,"00")) -> 0 | T25: =SUMIFS($G:$G,$H:$H,$P25,$F:$F,TEXT(T$5,"00") & "." & TEXT($A$1,"00")) -> 0 | U25: =SUMIFS($G:$G,$H:$H,$P25,$F:$F,TEXT(U$5,"00") & "." & TEXT($A$1,"00")) -> 0 | V25: =SUMIFS($G:$G,$H:$H,$P25,$F:$F,TEXT(V$5,"00") & "." & TEXT($A$1,"00")) -> 0 | W25: =SUMIFS($G:$G,$H:$H,$P25,$F:$F,TEXT(W$5,"00") & "." & TEXT($A$1,"00")) -> 0 | X25: =SUMIFS($G:$G,$H:$H,$P25,$F:$F,TEXT(X$5,"00") & "." & TEXT($A$1,"00")) -> 0 | Y25: =SUMIFS($G:$G,$H:$H,$P25,$F:$F,TEXT(Y$5,"00") & "." & TEXT($A$1,"00")) -> 0 | ... AV25: =SUMIFS($G:$G,$H:$H,$P25,$F:$F,TEXT(AV$5,"00") & "." & TEXT($A$1,"00")) -> 0 | AW25: =SUM(Q25:AV25) -> 0
A26: סך הכנסות | C26: =SUM(C24:C25) -> 53217.02 | D26: =SUM(D24:D25) -> 48201 | G26: 53.75 | H26: ביטוח בריאות פרטי | I26: =_xlfn.XLOOKUP(H26,[2]Dropdown!B:B,[2]Dropdown!C:C) -> בריאות וטיפולים | J26: ל-ו 2 | M26: הראל | P26: בר מים | Q26: =SUMIFS($G:$G,$H:$H,$P26,$F:$F,"") -> 0 | R26: =SUMIFS($G:$G,$H:$H,$P26,$F:$F,TEXT(R$5,"00") & "." & TEXT($A$1,"00")) -> 0 | S26: =SUMIFS($G:$G,$H:$H,$P26,$F:$F,TEXT(S$5,"00") & "." & TEXT($A$1,"00")) -> 0 | T26: =SUMIFS($G:$G,$H:$H,$P26,$F:$F,TEXT(T$5,"00") & "." & TEXT($A$1,"00")) -> 0 | U26: =SUMIFS($G:$G,$H:$H,$P26,$F:$F,TEXT(U$5,"00") & "." & TEXT($A$1,"00")) -> 0 | V26: =SUMIFS($G:$G,$H:$H,$P26,$F:$F,TEXT(V$5,"00") & "." & TEXT($A$1,"00")) -> 0 | W26: =SUMIFS($G:$G,$H:$H,$P26,$F:$F,TEXT(W$5,"00") & "." & TEXT($A$1,"00")) -> 0 | X26: =SUMIFS($G:$G,$H:$H,$P26,$F:$F,TEXT(X$5,"00") & "." & TEXT($A$1,"00")) -> 0 | Y26: =SUMIFS($G:$G,$H:$H,$P26,$F:$F,TEXT(Y$5,"00") & "." & TEXT($A$1,"00")) -> 0 | ... AV26: =SUMIFS($G:$G,$H:$H,$P26,$F:$F,TEXT(AV$5,"00") & "." & TEXT($A$1,"00")) -> 0 | AW26: =SUM(Q26:AV26) -> 0
G27: 259.49 | H27: ביטוח בריאות פרטי | I27: =_xlfn.XLOOKUP(H27,[2]Dropdown!B:B,[2]Dropdown!C:C) -> בריאות וטיפולים | J27: ל-ו 2 | M27: הראל | P27: מכשירים | Q27: =SUMIFS($G:$G,$H:$H,$P27,$F:$F,"") -> 1138.8 | R27: =SUMIFS($G:$G,$H:$H,$P27,$F:$F,TEXT(R$5,"00") & "." & TEXT($A$1,"00")) -> 0 | S27: =SUMIFS($G:$G,$H:$H,$P27,$F:$F,TEXT(S$5,"00") & "." & TEXT($A$1,"00")) -> 0 | T27: =SUMIFS($G:$G,$H:$H,$P27,$F:$F,TEXT(T$5,"00") & "." & TEXT($A$1,"00")) -> 0 | U27: =SUMIFS($G:$G,$H:$H,$P27,$F:$F,TEXT(U$5,"00") & "." & TEXT($A$1,"00")) -> 0 | V27: =SUMIFS($G:$G,$H:$H,$P27,$F:$F,TEXT(V$5,"00") & "." & TEXT($A$1,"00")) -> 0 | W27: =SUMIFS($G:$G,$H:$H,$P27,$F:$F,TEXT(W$5,"00") & "." & TEXT($A$1,"00")) -> 0 | X27: =SUMIFS($G:$G,$H:$H,$P27,$F:$F,TEXT(X$5,"00") & "." & TEXT($A$1,"00")) -> 0 | Y27: =SUMIFS($G:$G,$H:$H,$P27,$F:$F,TEXT(Y$5,"00") & "." & TEXT($A$1,"00")) -> 0 | ... AV27: =SUMIFS($G:$G,$H:$H,$P27,$F:$F,TEXT(AV$5,"00") & "." & TEXT($A$1,"00")) -> 0 | AW27: =SUM(Q27:AV27) -> 2536.8
A28: מצב חשבון | B28: יתרה חודש קודם | C28: ='2'!C29 -> 176836.33 | D28: ='2'!D29 -> 36.58 | G28: 275.1 | H28: קופ"ח + משלים | I28: =_xlfn.XLOOKUP(H28,[2]Dropdown!B:B,[2]Dropdown!C:C) -> בריאות וטיפולים | J28: ל-ו 2 | M28: כללית | P28: הוצאות לעסק | Q28: =SUMIFS($G:$G,$H:$H,$P28,$F:$F,"") -> 0 | R28: =SUMIFS($G:$G,$H:$H,$P28,$F:$F,TEXT(R$5,"00") & "." & TEXT($A$1,"00")) -> 0 | S28: =SUMIFS($G:$G,$H:$H,$P28,$F:$F,TEXT(S$5,"00") & "." & TEXT($A$1,"00")) -> 0 | T28: =SUMIFS($G:$G,$H:$H,$P28,$F:$F,TEXT(T$5,"00") & "." & TEXT($A$1,"00")) -> 0 | U28: =SUMIFS($G:$G,$H:$H,$P28,$F:$F,TEXT(U$5,"00") & "." & TEXT($A$1,"00")) -> 0 | V28: =SUMIFS($G:$G,$H:$H,$P28,$F:$F,TEXT(V$5,"00") & "." & TEXT($A$1,"00")) -> 0 | W28: =SUMIFS($G:$G,$H:$H,$P28,$F:$F,TEXT(W$5,"00") & "." & TEXT($A$1,"00")) -> 0 | X28: =SUMIFS($G:$G,$H:$H,$P28,$F:$F,TEXT(X$5,"00") & "." & TEXT($A$1,"00")) -> 0 | Y28: =SUMIFS($G:$G,$H:$H,$P28,$F:$F,TEXT(Y$5,"00") & "." & TEXT($A$1,"00")) -> 0 | ... AV28: =SUMIFS($G:$G,$H:$H,$P28,$F:$F,TEXT(AV$5,"00") & "." & TEXT($A$1,"00")) -> 0 | AW28: =SUM(Q28:AV28) -> 0
B29: מצב עדכני | C29: =C28+C24-C18 -> 183642.88 | D29: =D28+D24-D18 -> 5290.75 | G29: 191.39 | H29: ביטוח בריאות פרטי | I29: =_xlfn.XLOOKUP(H29,[2]Dropdown!B:B,[2]Dropdown!C:C) -> בריאות וטיפולים | J29: י-ק 2 | P29: מנויים | Q29: =SUMIFS($G:$G,$H:$H,$P29,$F:$F,"") -> 173.44 | R29: =SUMIFS($G:$G,$H:$H,$P29,$F:$F,TEXT(R$5,"00") & "." & TEXT($A$1,"00")) -> 0 | S29: =SUMIFS($G:$G,$H:$H,$P29,$F:$F,TEXT(S$5,"00") & "." & TEXT($A$1,"00")) -> 0 | T29: =SUMIFS($G:$G,$H:$H,$P29,$F:$F,TEXT(T$5,"00") & "." & TEXT($A$1,"00")) -> 0 | U29: =SUMIFS($G:$G,$H:$H,$P29,$F:$F,TEXT(U$5,"00") & "." & TEXT($A$1,"00")) -> 0 | V29: =SUMIFS($G:$G,$H:$H,$P29,$F:$F,TEXT(V$5,"00") & "." & TEXT($A$1,"00")) -> 0 | W29: =SUMIFS($G:$G,$H:$H,$P29,$F:$F,TEXT(W$5,"00") & "." & TEXT($A$1,"00")) -> 0 | X29: =SUMIFS($G:$G,$H:$H,$P29,$F:$F,TEXT(X$5,"00") & "." & TEXT($A$1,"00")) -> 0 | Y29: =SUMIFS($G:$G,$H:$H,$P29,$F:$F,TEXT(Y$5,"00") & "." & TEXT($A$1,"00")) -> 0 | ... AV29: =SUMIFS($G:$G,$H:$H,$P29,$F:$F,TEXT(AV$5,"00") & "." & TEXT($A$1,"00")) -> 0 | AW29: =SUM(Q29:AV29) -> 173.44
A30: אשראי | B30: יתרת אשראי | C30: =SUM(Data!$B$2+C29) -> 218642.88 | D30: =SUM(Data!$B$3+D29) -> 15290.75 | G30: 273.32 | H30: ביטוחי חיים (ריסק) | I30: =_xlfn.XLOOKUP(H30,[2]Dropdown!B:B,[2]Dropdown!C:C) -> ביטוחים ופיננסים | J30: י-ק 2 | P30: תוכנות מחשב | Q30: =SUMIFS($G:$G,$H:$H,$P30,$F:$F,"") -> 0 | R30: =SUMIFS($G:$G,$H:$H,$P30,$F:$F,TEXT(R$5,"00") & "." & TEXT($A$1,"00")) -> 0 | S30: =SUMIFS($G:$G,$H:$H,$P30,$F:$F,TEXT(S$5,"00") & "." & TEXT($A$1,"00")) -> 0 | T30: =SUMIFS($G:$G,$H:$H,$P30,$F:$F,TEXT(T$5,"00") & "." & TEXT($A$1,"00")) -> 0 | U30: =SUMIFS($G:$G,$H:$H,$P30,$F:$F,TEXT(U$5,"00") & "." & TEXT($A$1,"00")) -> 0 | V30: =SUMIFS($G:$G,$H:$H,$P30,$F:$F,TEXT(V$5,"00") & "." & TEXT($A$1,"00")) -> 0 | W30: =SUMIFS($G:$G,$H:$H,$P30,$F:$F,TEXT(W$5,"00") & "." & TEXT($A$1,"00")) -> 0 | X30: =SUMIFS($G:$G,$H:$H,$P30,$F:$F,TEXT(X$5,"00") & "." & TEXT($A$1,"00")) -> 0 | Y30: =SUMIFS($G:$G,$H:$H,$P30,$F:$F,TEXT(Y$5,"00") & "." & TEXT($A$1,"00")) -> 0 | ... AV30: =SUMIFS($G:$G,$H:$H,$P30,$F:$F,TEXT(AV$5,"00") & "." & TEXT($A$1,"00")) -> 0 | AW30: =SUM(Q30:AV30) -> 0
A31: יתרה | B31: רווח/הפסד | C31: =SUM(C29+C16-C28+C15) -> 7306.55 | D31: =SUM(D29+D16-D28) -> 5254.17 | G31: 277.77 | H31: ביטוחי חיים (ריסק) | I31: =_xlfn.XLOOKUP(H31,[2]Dropdown!B:B,[2]Dropdown!C:C) -> ביטוחים ופיננסים | J31: ל-ו 2 | M31: הראל | Q31: =SUMIFS($G:$G,$H:$H,$P31,$F:$F,"") -> 0 | R31: =SUMIFS($G:$G,$H:$H,$P31,$F:$F,TEXT(R$5,"00") & "." & TEXT($A$1,"00")) -> 0 | S31: =SUMIFS($G:$G,$H:$H,$P31,$F:$F,TEXT(S$5,"00") & "." & TEXT($A$1,"00")) -> 0 | T31: =SUMIFS($G:$G,$H:$H,$P31,$F:$F,TEXT(T$5,"00") & "." & TEXT($A$1,"00")) -> 0 | U31: =SUMIFS($G:$G,$H:$H,$P31,$F:$F,TEXT(U$5,"00") & "." & TEXT($A$1,"00")) -> 0 | V31: =SUMIFS($G:$G,$H:$H,$P31,$F:$F,TEXT(V$5,"00") & "." & TEXT($A$1,"00")) -> 0 | W31: =SUMIFS($G:$G,$H:$H,$P31,$F:$F,TEXT(W$5,"00") & "." & TEXT($A$1,"00")) -> 0 | X31: =SUMIFS($G:$G,$H:$H,$P31,$F:$F,TEXT(X$5,"00") & "." & TEXT($A$1,"00")) -> 0 | Y31: =SUMIFS($G:$G,$H:$H,$P31,$F:$F,TEXT(Y$5,"00") & "." & TEXT($A$1,"00")) -> 0 | ... AV31: =SUMIFS($G:$G,$H:$H,$P31,$F:$F,TEXT(AV$5,"00") & "." & TEXT($A$1,"00")) -> 0 | AW31: =SUM(Q31:AV31) -> 0
B32: יתרה חודשית | C32: =C24-C18 -> 6806.55 | D32: =D24-D18 -> 5254.17 | G32: 97.96 | H32: ביטוחי חיים (ריסק) | I32: =_xlfn.XLOOKUP(H32,[2]Dropdown!B:B,[2]Dropdown!C:C) -> ביטוחים ופיננסים | J32: ל-ו 2 | M32: הראל | Q32: =SUMIFS($G:$G,$H:$H,$P32,$F:$F,"") -> 0 | R32: =SUMIFS($G:$G,$H:$H,$P32,$F:$F,TEXT(R$5,"00") & "." & TEXT($A$1,"00")) -> 0 | S32: =SUMIFS($G:$G,$H:$H,$P32,$F:$F,TEXT(S$5,"00") & "." & TEXT($A$1,"00")) -> 0 | T32: =SUMIFS($G:$G,$H:$H,$P32,$F:$F,TEXT(T$5,"00") & "." & TEXT($A$1,"00")) -> 0 | U32: =SUMIFS($G:$G,$H:$H,$P32,$F:$F,TEXT(U$5,"00") & "." & TEXT($A$1,"00")) -> 0 | V32: =SUMIFS($G:$G,$H:$H,$P32,$F:$F,TEXT(V$5,"00") & "." & TEXT($A$1,"00")) -> 0 | W32: =SUMIFS($G:$G,$H:$H,$P32,$F:$F,TEXT(W$5,"00") & "." & TEXT($A$1,"00")) -> 0 | X32: =SUMIFS($G:$G,$H:$H,$P32,$F:$F,TEXT(X$5,"00") & "." & TEXT($A$1,"00")) -> 0 | Y32: =SUMIFS($G:$G,$H:$H,$P32,$F:$F,TEXT(Y$5,"00") & "." & TEXT($A$1,"00")) -> 0 | ... AV32: =SUMIFS($G:$G,$H:$H,$P32,$F:$F,TEXT(AV$5,"00") & "." & TEXT($A$1,"00")) -> 0 | AW32: =SUM(Q32:AV32) -> 0
G33: 63.37 | H33: ביטוחי חיים (ריסק) | I33: =_xlfn.XLOOKUP(H33,[2]Dropdown!B:B,[2]Dropdown!C:C) -> ביטוחים ופיננסים | J33: ל-ו 2 | M33: הראל | Q33: =SUMIFS($G:$G,$H:$H,$P33,$F:$F,"") -> 0 | R33: =SUMIFS($G:$G,$H:$H,$P33,$F:$F,TEXT(R$5,"00") & "." & TEXT($A$1,"00")) -> 0 | S33: =SUMIFS($G:$G,$H:$H,$P33,$F:$F,TEXT(S$5,"00") & "." & TEXT($A$1,"00")) -> 0 | T33: =SUMIFS($G:$G,$H:$H,$P33,$F:$F,TEXT(T$5,"00") & "." & TEXT($A$1,"00")) -> 0 | U33: =SUMIFS($G:$G,$H:$H,$P33,$F:$F,TEXT(U$5,"00") & "." & TEXT($A$1,"00")) -> 0 | V33: =SUMIFS($G:$G,$H:$H,$P33,$F:$F,TEXT(V$5,"00") & "." & TEXT($A$1,"00")) -> 0 | W33: =SUMIFS($G:$G,$H:$H,$P33,$F:$F,TEXT(W$5,"00") & "." & TEXT($A$1,"00")) -> 0 | X33: =SUMIFS($G:$G,$H:$H,$P33,$F:$F,TEXT(X$5,"00") & "." & TEXT($A$1,"00")) -> 0 | Y33: =SUMIFS($G:$G,$H:$H,$P33,$F:$F,TEXT(Y$5,"00") & "." & TEXT($A$1,"00")) -> 0 | ... AV33: =SUMIFS($G:$G,$H:$H,$P33,$F:$F,TEXT(AV$5,"00") & "." & TEXT($A$1,"00")) -> 0 | AW33: =SUM(Q33:AV33) -> 0
